venue_slug,artist_name,event_date,doors_time,show_time,ticket_url,poster_url,is_low_value
revolution-hall,The Disco Biscuits,2027-01-01,19:00:00,20:00:00,https://www.etix.com/ticket/p/55578509/the-disco-biscuits-portland-revolution-hall,https://cdn.etix.com/etix/performance-image/performance_image_1200w/1c00733a6744c881917b53f463da5430.jpg,False
crystal-ballroom,2nd Dry January Fest,2027-01-02,,11:00:00,https://www.crystalballroompdx.com/events/273672-2nd-dry-january-fest/,https://www.crystalballroompdx.com/wp-content/uploads/2026/09/DryJanuary25-kPybgh.jpg,False
revolution-hall,The Disco Biscuits,2027-01-02,19:00:00,20:00:00,https://www.etix.com/ticket/p/30191515/the-disco-biscuits-portland-revolution-hall,https://cdn.etix.com/etix/performance-image/performance_image_1200w/1c00733a6744c881917b53f463da5430.jpg,False
crystal-ballroom,Ninajirachi,2027-01-05,,20:00:00,https://www.crystalballroompdx.com/events/279011-ninajirachi/,https://www.crystalballroompdx.com/wp-content/uploads/2026/09/Ninajirachi-k9NLtx.jpg,False
wonder-ballroom,Anna von Hausswolff: Iconoclasts Tour,2027-01-11,19:00:00,20:00:00,https://wonderballroom.com/event/anna-von-hausswolff-iconoclasts-tour/wonder-ballroom/portland-oregon/,https://wonderballroom.com/wp-content/uploads/2026/03/anna-von-hausswolff.jfif,False
aladdin-theater,Five For Fighting with String Quartet,2027-01-14,19:00:00,20:00:00,https://www.etix.com/ticket/p/93170768/five-for-fighting-with-string-quartet-portland-aladdin-theater,https://cdn.etix.com/etix/performance-image/performance_image_1200w/d42c698ba0915c9660c3e7fab7e2daf3.jpg,False
mississippi-studios,Ismael Loutfi,2027-01-14,19:00:00,20:00:00,https://www.etix.com/ticket/p/75830664/ismael-loutfi-portland-mississippi-studios,https://cdn.etix.com/etix/performance-image/performance_image_1200w/2a59a5454e05dc5537d4e07ec1dc4c4c.jpg,False
crystal-ballroom,DJ Meredith Marks,2027-01-15,,20:00:00,https://www.crystalballroompdx.com/events/278967-dj-meredith-marks/,https://www.crystalballroompdx.com/wp-content/uploads/2026/09/MeredithMarks26-FYHHqP.jpg,False
mississippi-studios,Immersion,2027-01-16,20:00:00,21:00:00,https://www.etix.com/ticket/p/43710339/immersion-portland-mississippi-studios,https://cdn.etix.com/etix/performance-image/performance_image_1200w/ea9780933fb668bcca018095400a1128.jpg,False
polaris-hall,The Magic Of 7,2027-01-19,18:00:00,19:00:00,https://www.etix.com/ticket/p/83449465/the-magic-of-7-portland-polaris-hall,https://cdn.etix.com/etix/performance-image/performance_image_1200w/bbd83c6829a22970865fa9c494efd80b.jpg,False
mississippi-studios,Satsang,2027-01-21,19:00:00,20:00:00,https://www.etix.com/ticket/p/45761095/satsang-portland-mississippi-studios,https://cdn.etix.com/etix/performance-image/performance_image_1200w/9ac027e144393dea1f1d99fff027d29a.jpg,False
crystal-ballroom,Super Diamond – The Neil Diamond Tribute,2027-01-23,,18:30:00,https://www.crystalballroompdx.com/events/279034-super-diamond-the-neil-diamond-tribute/,https://www.crystalballroompdx.com/wp-content/uploads/2026/09/SuperDiamond-hGAA1G.jpg,True
crystal-ballroom,Fruition,2027-01-28,,20:00:00,https://www.crystalballroompdx.com/events/278536-fruition/,https://www.crystalballroompdx.com/wp-content/uploads/2026/08/Fruition_26-1a54D0.jpg,False
holocene,Madds Buckley 2026/2027 North American Tour – All Ages,2027-01-28,19:00:00,,https://www.holocene.org/event/madds-buckley-2026-2027-north-american-tour-all-ages/holocene/portland/,,False
holocene,Madds Buckley 2026/2027 North American Tour – w/ Sparkbird – All Ages,2027-01-28,19:00:00,,https://www.holocene.org/event/madds-buckley-2026-2027-north-american-tour-w-sparkbird-all-ages/holocene/portland/,,False
crystal-ballroom,Portland's Folk Festival,2027-01-29,,18:00:00,https://www.crystalballroompdx.com/events/276751-portlands-folk-festival/,https://www.crystalballroompdx.com/wp-content/uploads/2026/05/FolkFest27-mtrQyx.jpg,False
aladdin-theater,"Bonnie ""Prince"" Billy (Night 1)",2027-01-30,19:00:00,20:00:00,https://www.etix.com/ticket/p/68309465/bonnie-princebilly-night-1-portland-aladdin-theater,https://cdn.etix.com/etix/performance-image/performance_image_1200w/809937b970c6d9a9d6d1016804be7270.jpg,False
crystal-ballroom,Portland's Folk Festival,2027-01-30,,15:00:00,https://www.crystalballroompdx.com/events/276749-portlands-folk-festival/,https://www.crystalballroompdx.com/wp-content/uploads/2026/05/FolkFest27-mtrQyx.jpg,False
revolution-hall,Bad Suns - Disappear Here: A Ten Year Celebration,2027-01-30,19:00:00,20:00:00,https://www.etix.com/ticket/p/33087462/bad-suns-disappear-herea-ten-year-celebration-portland-revolution-hall,https://cdn.etix.com/etix/performance-image/performance_image_1200w/b1a00634cba1397991557a917c5aeb2e.jpg,False
aladdin-theater,"Bonnie ""Prince"" Billy (Night 2)",2027-01-31,19:00:00,20:00:00,https://www.etix.com/ticket/p/66870556/bonnie-princebilly-night-2-portland-aladdin-theater,https://cdn.etix.com/etix/performance-image/performance_image_1200w/809937b970c6d9a9d6d1016804be7270.jpg,False
wonder-ballroom,*POSTPONED until TBD* The Residents – Eskimo Live! Tour,2027-01-31,19:00:00,20:00:00,https://wonderballroom.com/event/postponed-until-tbd-the-residents-eskimo-live-tour/wonder-ballroom/portland-oregon/,https://wonderballroom.com/wp-content/uploads/2025/09/etix-The_1263221759236747.jfif,False
aladdin-theater,Science on Tap: The Counting of Crows,2027-02-02,18:00:00,19:00:00,https://www.etix.com/ticket/p/55592168/science-on-tapthe-counting-of-crows-portland-aladdin-theater,https://cdn.etix.com/etix/performance-image/performance_image_1200w/d26c306de907e28c1d1b6804b308c299.jpg,False
aladdin-theater,Falco & Book Play Jerry Garcia,2027-02-03,19:00:00,20:00:00,https://www.etix.com/ticket/p/84384147/falco-book-play-jerry-garcia-portland-aladdin-theater,https://cdn.etix.com/etix/performance-image/performance_image_1200w/a34f6546dd06f76e6518478b4d151be3.jpg,False
mississippi-studios,Elephant Stone,2027-02-03,19:00:00,20:00:00,https://www.etix.com/ticket/p/92795681/elephant-stone-portland-mississippi-studios,https://cdn.etix.com/etix/performance-image/performance_image_1200w/73bbc0116b374edc27b619c9ce166848.jpg,False
holocene,Romare (live) – 21+,2027-02-04,20:00:00,,https://www.holocene.org/event/romare-live-21/holocene/portland/,,False
revolution-hall,Brandy Clark: Take Flight World Tour,2027-02-04,19:00:00,20:00:00,https://www.etix.com/ticket/p/88534334/brandy-clarktake-flight-world-tour-portland-revolution-hall,https://cdn.etix.com/etix/performance-image/performance_image_1200w/c2ad47b8c15fb53e6097ab70019b420a.jpg,False
roseland-theater,Smith & Myers,2027-02-04,18:30:00,19:30:00,https://roselandpdx.com/event/smith-myers/roseland-theater/portland-oregon/,https://roselandpdx.com/wp-content/uploads/2026/09/smith-myers-1.jpeg,False
aladdin-theater,"Legends: Keola Beamer & Henry Kapono, with Moanalani Beamer, hula",2027-02-05,19:00:00,20:00:00,https://www.etix.com/ticket/p/97553913/legendskeola-beamer-henry-kaponowith-moanalani-beamerhula-portland-aladdin-theater,https://cdn.etix.com/etix/performance-image/performance_image_1200w/34f69c256a4e004e5e7658d51a5a3336.jpg,False
aladdin-theater,Watch What Crappens: In The Mix Tour,2027-02-07,19:00:00,20:00:00,https://www.etix.com/ticket/p/70423694/watch-what-crappensin-the-mix-tour-portland-aladdin-theater,https://cdn.etix.com/etix/performance-image/performance_image_1200w/e0eb3517d245bbc4584e8baaa837abc3.jpg,False
revolution-hall,Aaron Chen,2027-02-12,18:00:00,19:00:00,https://www.etix.com/ticket/p/63983917/aaron-chen-portland-revolution-hall,https://cdn.etix.com/etix/performance-image/performance_image_1200w/9844d1f99412ce61f219a56ff8947edc.jpg,False
polaris-hall,Aubory Bugg,2027-02-15,19:00:00,20:00:00,https://www.etix.com/ticket/p/80560698/aubory-bugg-portland-polaris-hall,https://cdn.etix.com/etix/performance-image/performance_image_1200w/ca2f980c9a0b204b4fe1fd15854ff2a0.jpg,False
aladdin-theater,Mania: The ABBA Tribute,2027-02-16,18:30:00,19:30:00,https://www.etix.com/ticket/p/64714422/maniathe-abba-tribute-portland-aladdin-theater,https://cdn.etix.com/etix/performance-image/performance_image_1200w/3993fe391ba63fcc2531f8cd433dfd12.jpg,True
crystal-ballroom,La Roux,2027-02-16,,19:00:00,https://www.crystalballroompdx.com/events/278647-la-roux/,https://www.crystalballroompdx.com/wp-content/uploads/2026/09/LaRoux27-6sXdOH.jpg,False
polaris-hall,Bold Voices: Alberga & Beethoven,2027-02-16,18:00:00,19:00:00,https://www.etix.com/ticket/p/72924617/bold-voicesalberga-beethoven-portland-polaris-hall,https://cdn.etix.com/etix/performance-image/performance_image_1200w/af70ad2695430184fe949c66775fa24b.jpg,False
aladdin-theater,Joan Osborne - Relish Live,2027-02-17,19:00:00,20:00:00,https://www.etix.com/ticket/p/65530668/joan-osborne-relish-live-portland-aladdin-theater,https://cdn.etix.com/etix/performance-image/performance_image_1200w/63bbc42f75fccfff39d2e91b83eace4e.jpg,False
aladdin-theater,DENNY LOVE: SHOW LOVE TOUR,2027-02-18,18:00:00,19:00:00,https://www.etix.com/ticket/p/73189164/denny-loveshow-love-tour-portland-aladdin-theater,https://cdn.etix.com/etix/performance-image/performance_image_1200w/647c66ee032c60fd66e59972d01fc589.jpg,False
mississippi-studios,Kendall Lujan (Album Release),2027-02-18,19:00:00,20:00:00,https://www.etix.com/ticket/p/87872087/kendall-lujan-album-release-portland-mississippi-studios,https://cdn.etix.com/etix/performance-image/performance_image_1200w/c5fa32fe334f821903497d15b763ca59.jpg,False
revolution-hall,THE BOUNCING SOULS 'Born To Be Tour' with The Suicide Machines,2027-02-19,18:00:00,19:00:00,https://www.etix.com/ticket/p/65714859/the-bouncing-souls-born-to-be-tourwith-the-suicide-machines-portland-revolution-hall,https://cdn.etix.com/etix/performance-image/performance_image_1200w/b6c99221aa5f5941ddf05cd78920cb0d.jpg,False
aladdin-theater,Jason Cheny,2027-02-20,19:00:00,20:00:00,https://www.etix.com/ticket/p/78645905/jason-cheny-portland-aladdin-theater,https://cdn.etix.com/etix/performance-image/performance_image_1200w/aa9a489fba05190c53a2ac8b97c5824e.jpg,False
revolution-hall,CHARLIE BERENS: THE LOST AND FOUND TOUR,2027-02-20,18:00:00,19:00:00,https://www.etix.com/ticket/p/83277371/charlie-berensthe-lost-and-found-tour-portland-revolution-hall,https://cdn.etix.com/etix/performance-image/performance_image_1200w/9d0d2910f253d2a58ac3c5e956ce5bda.jpg,False
aladdin-theater,Ladysmith Black Mambazo,2027-02-21,18:30:00,19:30:00,https://www.etix.com/ticket/p/80770165/ladysmith-black-mambazo-portland-aladdin-theater,https://cdn.etix.com/etix/performance-image/performance_image_1200w/93fd1558878391c600583f76c36f080c.jpg,False
polaris-hall,@,2027-02-21,19:00:00,20:00:00,https://www.etix.com/ticket/p/59168154/-portland-polaris-hall,https://cdn.etix.com/etix/performance-image/performance_image_1200w/79f6d09e87fada8dd04396adbde48101.jpg,False
crystal-ballroom,Sylvan Esso,2027-02-22,,20:30:00,https://www.crystalballroompdx.com/events/277205-sylvan-esso/,https://www.crystalballroompdx.com/wp-content/uploads/2026/07/SylvanEsso_26-nBYvRH.jpg,False
crystal-ballroom,Sylvan Esso,2027-02-23,,20:30:00,https://www.crystalballroompdx.com/events/277206-sylvan-esso/,https://www.crystalballroompdx.com/wp-content/uploads/2026/07/SylvanEsso_26-nBYvRH.jpg,False
aladdin-theater,Marian Hill ACT TWO: THE TOUR,2027-02-26,19:00:00,20:00:00,https://www.etix.com/ticket/p/57112182/marian-hill-act-twothe-tour-portland-aladdin-theater,https://cdn.etix.com/etix/performance-image/performance_image_1200w/5268d918059e623288cc17bf80e6e391.jpg,False
crystal-ballroom,La Roux,2027-02-26,,20:00:00,https://www.crystalballroompdx.com/events/279018-la-roux/,https://www.crystalballroompdx.com/wp-content/uploads/2026/09/LaRoux27-6sXdOH.jpg,False
aladdin-theater,"G. Love & Special Sauce - Yeah, It's That Easy 30th Anniversary Tour",2027-02-27,19:00:00,20:00:00,https://www.etix.com/ticket/p/36069643/glove-special-sauce-yeahits-that-easy-30th-anniversary-tour-portland-aladdin-theater,https://cdn.etix.com/etix/performance-image/performance_image_1200w/690c90b9f84a02f9d6dd0425b559c096.jpg,False
mississippi-studios,Syd & Olivia Talk Sh*t,2027-02-27,20:00:00,21:00:00,https://www.etix.com/ticket/p/92834953/syd-olivia-talk-sht-portland-mississippi-studios,https://cdn.etix.com/etix/performance-image/performance_image_1200w/3e19980f27641ba8952e622e6a63e03b.jpg,False
roseland-theater,Blue October: Foiled 20th Anniversary World Tour,2027-02-27,19:00:00,20:00:00,https://roselandpdx.com/event/blue-october-foiled-20th-anniversary-world-tour/roseland-theater/portland-oregon/,https://roselandpdx.com/wp-content/uploads/2026/09/blue-october-foiled-20th-anniversary-world-tour.jpeg,False
wonder-ballroom,VALLEY – Do You Need to Be Entertained Tour,2027-02-27,19:00:00,20:00:00,https://wonderballroom.com/event/valley-do-you-need-to-be-entertained-tour/wonder-ballroom/portland-oregon/,https://wonderballroom.com/wp-content/uploads/2026/09/valley-do-you-need-to-be-entertained-tour.jfif,False
hawthorne-theatre,Eluveitie,2027-02-28,,20:00:00,https://hawthornetheatre.com/event/eluveitie-2/hawthorne-theatre/portland-oregon/,https://hawthornetheatre.com/wp-content/uploads/2026/09/eluveitie.jpeg,False
roseland-theater,Blue October: Foiled 20th Anniversary World Tour,2027-02-28,19:00:00,20:00:00,https://roselandpdx.com/event/blue-october-foiled-20th-anniversary-world-tour-2/roseland-theater/portland-oregon/,https://roselandpdx.com/wp-content/uploads/2026/09/blue-october-foiled-20th-anniversary-world-tour-1.jpeg,False
polaris-hall,Claud and the Live Music,2027-03-02,19:00:00,20:00:00,https://www.etix.com/ticket/p/47231395/claud-and-the-live-music-portland-polaris-hall,https://cdn.etix.com/etix/performance-image/performance_image_1200w/2c24cceef2f6671f969b7e67b31804b2.jpg,False
crystal-ballroom,Alan Walker,2027-03-04,,20:00:00,https://www.crystalballroompdx.com/events/278693-alan-walker/,https://www.crystalballroompdx.com/wp-content/uploads/2026/09/AlanWalker27-6SN6EM.jpg,False
polaris-hall,Brooke Alexx - Dream Girl Tour,2027-03-04,19:00:00,20:00:00,https://www.etix.com/ticket/p/65853898/brooke-alexx-dream-girl-tour-portland-polaris-hall,https://cdn.etix.com/etix/performance-image/performance_image_1200w/e508ccb5577c52fb1b6e6ec66db7a24c.jpg,False
crystal-ballroom,Blondshell,2027-03-05,,20:00:00,https://www.crystalballroompdx.com/events/276943-blondshell/,https://www.crystalballroompdx.com/wp-content/uploads/2026/08/Blondshell26-dZbxZI.jpg,False
revolution-hall,TopHouse,2027-03-05,19:00:00,20:00:00,https://www.etix.com/ticket/p/56630167/tophouse-portland-revolution-hall,https://cdn.etix.com/etix/performance-image/performance_image_1200w/5784d921c1a07e6ab0636fab27f18bcb.jpg,False
aladdin-theater,Michael Kosta,2027-03-06,19:00:00,20:00:00,https://www.etix.com/ticket/p/41256109/michael-kosta-portland-aladdin-theater,https://cdn.etix.com/etix/performance-image/performance_image_1200w/b6d96239ff50a313d52011be26ba102d.jpg,False
wonder-ballroom,RESCHEDULED – strongboi headline tour 2027,2027-03-06,19:00:00,20:00:00,https://wonderballroom.com/event/rescheduled-strongboi-headline-tour-2027/wonder-ballroom/portland-oregon/,https://wonderballroom.com/wp-content/uploads/2026/06/strongboi-the-fall-tour.jfif,False
crystal-ballroom,Braxton Keith,2027-03-10,,20:00:00,https://www.crystalballroompdx.com/events/279010-braxton-keith/,https://www.crystalballroompdx.com/wp-content/uploads/2026/09/Braxton26-pR58EB.jpg,False
hawthorne-theatre,The Lemonheads: The Love Chant Tour,2027-03-10,,20:30:00,https://hawthornetheatre.com/event/the-lemonheads-the-love-chant-tour/hawthorne-theatre/portland-oregon/,https://hawthornetheatre.com/wp-content/uploads/2026/09/the-lemonheads-the-love-chant-tour.jpeg,False
revolution-hall,Rayland Baxter: The True Violet Tour,2027-03-10,19:00:00,20:00:00,https://www.etix.com/ticket/p/68450613/rayland-baxterthe-true-violet-tour-portland-revolution-hall,https://cdn.etix.com/etix/performance-image/performance_image_1200w/511179156b8a4d922d957611fdc98c65.jpg,False
aladdin-theater,David Nihill: Taking Tangents Tour,2027-03-12,19:00:00,20:00:00,https://www.etix.com/ticket/p/51834096/david-nihilltaking-tangents-tour-portland-aladdin-theater,https://cdn.etix.com/etix/performance-image/performance_image_1200w/f133c41cece0a2b03c610c4c2e686805.jpg,False
revolution-hall,Grateful Shred,2027-03-13,19:00:00,20:00:00,https://www.etix.com/ticket/p/39021092/grateful-shred-portland-revolution-hall,https://cdn.etix.com/etix/performance-image/performance_image_1200w/5256c20924383b8df87e670c2edddae0.jpg,False
aladdin-theater,40 FINGERS,2027-03-14,19:00:00,20:00:00,https://www.etix.com/ticket/p/60927424/40-fingers-portland-aladdin-theater,https://cdn.etix.com/etix/performance-image/performance_image_1200w/1c84d5e8aabb30811719c7a850f1d6a7.jpg,False
revolution-hall,Grateful Shred,2027-03-14,18:00:00,19:00:00,https://www.etix.com/ticket/p/54402409/grateful-shred-portland-revolution-hall,https://cdn.etix.com/etix/performance-image/performance_image_1200w/5256c20924383b8df87e670c2edddae0.jpg,False
hawthorne-theatre,Nile + Coroner,2027-03-15,,20:00:00,https://hawthornetheatre.com/event/nile-coroner/hawthorne-theatre/portland-oregon/,https://hawthornetheatre.com/wp-content/uploads/2026/09/nile-coroner.jpeg,False
holocene,"Bo Staloch – The 'Too Big, Too Big' Tour",2027-03-16,19:00:00,,https://www.holocene.org/event/bo-staloch-the-too-big-too-big-tour/monqui-presents/portland-oregon/,,False
revolution-hall,BERTHA: Grateful Drag,2027-03-19,19:00:00,20:00:00,https://www.etix.com/ticket/p/47807179/berthagrateful-drag-portland-revolution-hall,https://cdn.etix.com/etix/performance-image/performance_image_1200w/55af6880d056ea05549654bbfd757de0.jpg,False
revolution-hall,VNV Nation - An Evening With,2027-03-23,,20:00:00,https://www.etix.com/ticket/p/87472996/vnv-nation-an-evening-with-portland-revolution-hall,https://cdn.etix.com/etix/performance-image/performance_image_1200w/58c973b6e0f6e43c6ca5937cdf1f4869.jpg,False
roseland-theater,Wheeler Walker Jr. – Pullin' Out: The Farewell Tour,2027-03-25,19:00:00,20:00:00,https://roselandpdx.com/event/wheeler-walker-jr-pullin-out-the-farewell-tour/roseland-theater/portland-oregon/,https://roselandpdx.com/wp-content/uploads/2026/09/wheeler-walker-jr-pullin-out-the-farewell-tour.jpeg,False
polaris-hall,"Games We Play – ""I Wish I Never Quit"" US Tour",2027-03-28,19:00:00,20:00:00,https://www.etix.com/ticket/p/62479117/games-we-play-i-wish-i-never-quitus-tour-portland-polaris-hall,https://cdn.etix.com/etix/performance-image/performance_image_1200w/52fc2ed6146500883bb1ef561bce2054.jpg,False
revolution-hall,Dan and Peggy Reeder,2027-03-28,19:00:00,20:00:00,https://www.etix.com/ticket/p/45931401/dan-and-peggy-reeder-portland-revolution-hall,https://cdn.etix.com/etix/performance-image/performance_image_1200w/40cfdb8939dad515923ed3d779492a51.jpg,False
revolution-hall,Death From Above 1979 - Private Lives Tour,2027-03-29,19:00:00,20:00:00,https://www.etix.com/ticket/p/85727898/death-from-above-1979-private-lives-tour-portland-revolution-hall,https://cdn.etix.com/etix/performance-image/performance_image_1200w/8ee1c3bfd7a1452934f993182a53963d.jpg,False
crystal-ballroom,The Mary Wallopers,2027-03-30,,20:00:00,https://www.crystalballroompdx.com/events/278187-the-mary-wallopers/,https://www.crystalballroompdx.com/wp-content/uploads/2026/08/TheMaryWallopers_26-S4TCyo.jpg,False
roseland-theater,CRYSTAL METHYD The Enchanted Forest,2027-03-31,19:00:00,20:00:00,https://roselandpdx.com/event/crystal-methyd-the-enchanted-forest/roseland-theater/portland-oregon/,https://roselandpdx.com/wp-content/uploads/2026/09/crystal-methyd-the-enchanted-forest.jpeg,False
crystal-ballroom,Nothing But Thieves,2027-04-01,,20:00:00,https://www.crystalballroompdx.com/events/277040-nothing-but-thieves/,,False
aladdin-theater,"THAO - ""Show Me"" Tour",2027-04-02,19:00:00,20:00:00,https://www.etix.com/ticket/p/55140873/thao-show-metour-portland-aladdin-theater,https://cdn.etix.com/etix/performance-image/performance_image_1200w/5bea9885e1d10edbdfdb715b5c9e68c9.jpg,False
aladdin-theater,Iceage,2027-04-03,19:00:00,20:00:00,https://www.etix.com/ticket/p/74384514/iceage-portland-aladdin-theater,https://cdn.etix.com/etix/performance-image/performance_image_1200w/0445b682d652ce31ca5e7438c286937f.jpg,False
polaris-hall,Valencia Grace,2027-04-08,19:00:00,20:00:00,https://www.etix.com/ticket/p/83463584/valencia-grace-portland-polaris-hall,https://cdn.etix.com/etix/performance-image/performance_image_1200w/b1c427b5b82170c24f493c72b6dc415b.jpg,False
aladdin-theater,JUDY COLLINS - SWEET JUDY BLUE EYES: FAREWELL,2027-04-10,19:00:00,20:00:00,https://www.etix.com/ticket/p/74207635/judy-collins-sweet-judy-blue-eyesfarewell-portland-aladdin-theater,https://cdn.etix.com/etix/performance-image/performance_image_1200w/b3e26d6a2b0fce9495011379e4583c38.jpg,False
crystal-ballroom,Lambrini Girls,2027-04-16,,20:00:00,https://www.crystalballroompdx.com/events/278493-lambrini-girls/,https://www.crystalballroompdx.com/wp-content/uploads/2026/09/LambriniGirls26-lZvLLO.jpg,False
crystal-ballroom,FKJ,2027-04-20,,20:00:00,https://www.crystalballroompdx.com/events/277132-fkj/,https://www.crystalballroompdx.com/wp-content/uploads/2026/06/FKJ26-jfSi1k.jpg,False
polaris-hall,Coming Together,2027-04-20,18:00:00,19:00:00,https://www.etix.com/ticket/p/87453810/coming-together-portland-polaris-hall,https://cdn.etix.com/etix/performance-image/performance_image_1200w/713faa07e21948ba5c111df14b33c320.jpg,False
roseland-theater,The Warning – Everything's Falling World Tour,2027-04-22,19:00:00,20:00:00,https://roselandpdx.com/event/the-warning-everythings-falling-world-tour/roseland-theater/portland-oregon/,https://roselandpdx.com/wp-content/uploads/2026/09/the-warning-everythings-falling-world-tour-1.jpeg,False
crystal-ballroom,The Interrupters,2027-04-27,,19:00:00,https://www.crystalballroompdx.com/events/278583-the-interrupters/,,False
revolution-hall,FRENCH 79 - CLOSE TO THE GIANTS,2027-05-02,19:00:00,20:00:00,https://www.etix.com/ticket/p/45139740/french-79-close-to-the-giants-portland-revolution-hall,https://cdn.etix.com/etix/performance-image/performance_image_1200w/ee93e34d67b4082da83c86fb0d84827b.jpg,False
holocene,Terrian: Mad Big World Tour – All Ages!,2027-05-04,19:00:00,,https://www.holocene.org/event/terrian-mad-big-world-tour-all-ages/holocene/portland/,,False
crystal-ballroom,Saint Levant,2027-05-09,,20:00:00,https://www.crystalballroompdx.com/events/277966-saint-levant/,https://www.crystalballroompdx.com/wp-content/uploads/2026/07/SaintLevant26-NSKjoZ.jpg,False
aladdin-theater,Alaska Thunderf*ck: The Revolution Tour,2027-05-11,19:00:00,20:00:00,https://www.etix.com/ticket/p/62407073/alaska-thunderfckthe-revolution-tour-portland-aladdin-theater,https://cdn.etix.com/etix/performance-image/performance_image_1200w/dcc3bd717a76284814e639c8fa025b70.jpg,False
hawthorne-theatre,Haiden Henderson,2027-05-12,,20:00:00,https://hawthornetheatre.com/event/haiden-henderson-2/hawthorne-theatre/portland-oregon/,https://hawthornetheatre.com/wp-content/uploads/2026/09/haiden-henderson.jpeg,False
hawthorne-theatre,Haiden Henderson – Merch Package UPGRADE (ENTRY TICKET NOT INCLUDED),2027-05-12,,20:00:00,https://hawthornetheatre.com/event/haiden-henderson-merch-package-upgrade-entry-ticket-not-included/hawthorne-lounge/portland-oregon/,https://hawthornetheatre.com/wp-content/uploads/2026/09/haiden-henderson.jpeg,False
revolution-hall,Too Many Zooz: Audio Lipstick Tour,2027-05-13,19:00:00,20:00:00,https://www.etix.com/ticket/p/50596559/too-many-zoozaudio-lipstick-tour-portland-revolution-hall,https://cdn.etix.com/etix/performance-image/performance_image_1200w/4aa67d2c9ee23ab5c7af2db0f52d353b.jpg,False
polaris-hall,Jealousy To Collaboration,2027-05-17,18:00:00,19:00:00,https://www.etix.com/ticket/p/55187444/jealousy-to-collaboration-portland-polaris-hall,https://cdn.etix.com/etix/performance-image/performance_image_1200w/6f6e06df35fb418811a0ef4ac8b6cbe2.jpg,False
revolution-hall,The Airborne Toxic Event - The Way Home 20 Year Anniversary Tour,2027-06-11,19:00:00,20:00:00,https://www.etix.com/ticket/p/80964016/the-airborne-toxic-event-the-way-home-20-year-anniversary-tour-portland-revolution-hall,https://cdn.etix.com/etix/performance-image/performance_image_1200w/94514bb243b8e7c65050477fd3bd585a.jpg,False
edgefield,Roger Waters Presents Legacy – A Pink Floyd Show,2027-09-04,,17:00:00,https://edgefieldconcerts.com/events/279103-roger-waters-presents-legacy-a-pink-floyd-show/,https://edgefieldconcerts.com/wp-content/uploads/2026/09/LegacyPinkFlloyd27-MaBav1.jpg,False
