venue_slug,artist_name,event_date,billing_order,support_act
mississippi-studios,"Truly: Then, Today and Tomorrow Tour 2026",2026-03-05,1,King Youngblood
mississippi-studios,"Truly: Then, Today and Tomorrow Tour 2026",2026-03-05,2,Simple Forms
revolution-hall,JOSEPH - Closer to Happy Tour,2026-03-05,1,Sarah Klang
wonder-ballroom,Mindchatter: Giving Up On Words Tour,2026-03-05,1,NASAYA
aladdin-theater,G. Love & Special Sauce - Lemonade 20th Anniversary Tour,2026-03-06,1,MAKUA
mississippi-studios,Ages and Ages,2026-03-06,1,Scarves
polaris-hall,Rosebud Baker (Night 1),2026-03-06,1,Billie Lee
polaris-hall,Rosebud Baker (Night 1),2026-03-06,2,Ally J. Ward
roseland-theater,Alison Wonderland Presents Ghost World,2026-03-06,1,WINK
roseland-theater,Alison Wonderland Presents Ghost World,2026-03-06,2,KyMo
show-bar,Matt Pryor,2026-03-06,1,MAITA (solo)
show-bar,Matt Pryor,2026-03-06,2,Small Uncle
hawthorne-theatre,Emery — 20th anniversary of The Question,2026-03-07,1,As Cities Burn
hawthorne-theatre,Emery — 20th anniversary of The Question,2026-03-07,2,The Classic Crime
mississippi-studios,The Coffis Brothers,2026-03-07,1,Taylor Rae
polaris-hall,Rosebud Baker (Night 2),2026-03-07,1,Billie Lee
polaris-hall,Rosebud Baker (Night 2),2026-03-07,2,Ally J. Ward
roseland-theater,Emery — 20th anniversary of The Question,2026-03-07,1,As Cities Burn
roseland-theater,Emery — 20th anniversary of The Question,2026-03-07,2,The Classic Crime
aladdin-theater,The Strumbellas - Into Dust Tour,2026-03-09,1,Hotel Fiction
crystal-ballroom,Matt Berninger,2026-03-09,1,Ronboy
polaris-hall,Gurriers,2026-03-09,1,Jewelry Exchange
revolution-hall,Indigo De Souza,2026-03-09,1,Mothé
aladdin-theater,Last Dinosaurs Wellness 10YR Anniversary Tour,2026-03-10,1,elmjack
mississippi-studios,Bad Bad Hats,2026-03-10,1,Margaux
aladdin-theater,Blackwater Holylight,2026-03-11,1,The Prids
aladdin-theater,Blackwater Holylight,2026-03-11,2,SOM
aladdin-theater,Bill Frisell with Tim Angulo and Luke Bergman,2026-03-12,1,Charlie Hunter Trio
revolution-hall,"Aimee Mann, 22 ½ Lost In Space Anniversary Tour with Jonathan Coulton (Night 1)",2026-03-12,1,Jonathan Coulton
mississippi-studios,"The Third Mind - featuring Dave Alvin, Jesse Sykes, Victor Krummenacher, Mark Karan and Michael Jerome",2026-03-13,1,!mindparade (trio)
revolution-hall,"Aimee Mann, 22 ½ Lost In Space Anniversary Tour with Jonathan Coulton (Night 2)",2026-03-13,1,Jonathan Coulton
aladdin-theater,Jonah Kagen,2026-03-14,1,Anna Graves
mississippi-studios,Cory Branan (solo),2026-03-14,1,Kasey Anderson
polaris-hall,Kill Lincoln + JER + BAD OPERATION - Bad Time Records Tour '26,2026-03-14,1,Sorry Sweetheart
roseland-theater,Testament – Thrash of The Titans,2026-03-14,1,Overkill
roseland-theater,Testament – Thrash of The Titans,2026-03-14,2,Destruction
wonder-ballroom,"yung kai: stay with the ocean, i'll find you tour",2026-03-14,1,Breezee
hawthorne-theatre,redveil,2026-03-15,1,Chenayder
hawthorne-theatre,redveil,2026-03-15,2,Vary
mississippi-studios,Water For Warm Springs Benefit: Barna Howard,2026-03-15,1,William Surly and The Barroom Gospel Band
polaris-hall,Spiritual Cramp,2026-03-16,1,Bass Drum of Death
polaris-hall,Spiritual Cramp,2026-03-16,2,Fentanyl
polaris-hall,Spiritual Cramp,2026-03-16,3,Amusement
polaris-hall,Lala Lala,2026-03-17,1,Lots of Hands
show-bar,HighSchool,2026-03-17,1,Touching Ice
aladdin-theater,Colony House - The 77 Tour,2026-03-18,1,mercury
revolution-hall,Maggie Lindemann,2026-03-18,1,Ayleen Valentine
roseland-theater,Hawthorne Heights – 20th anniversary of If Only You Were Lonely,2026-03-18,1,letlive.
roseland-theater,Hawthorne Heights – 20th anniversary of If Only You Were Lonely,2026-03-18,2,Creeper
aladdin-theater,The Record Company - Give It Back To You 10th Anniversary Tour,2026-03-19,1,Jontavious Willis
mississippi-studios,BIJOUX CONE (HOMECOMING SHOW),2026-03-19,1,Kye Alive
mississippi-studios,BIJOUX CONE (HOMECOMING SHOW),2026-03-19,2,Lucia Luna
mississippi-studios,BIJOUX CONE (HOMECOMING SHOW),2026-03-19,3,Starly Kind
crystal-ballroom,Jesse Welles - Under The Powerlines 2026,2026-03-20,1,S.G. Goodman
hawthorne-theatre,Rittz – Gr8ful Tour,2026-03-20,1,Dropout Kings
mississippi-studios,AJ Lee & Blue Summit,2026-03-20,1,Dadweed
wonder-ballroom,Donny Benet,2026-03-20,1,With Schaus
hawthorne-theatre,ARIES – GLASS JAW World Tour,2026-03-21,1,Tiffany Day
revolution-hall,Nothing,2026-03-21,1,Full Body 2
revolution-hall,Nothing,2026-03-21,2,Cryogeyser
revolution-hall,Nothing,2026-03-21,3,VMO
roseland-theater,Lauren Spencer Smith – THE ART OF BEING A MESS TOUR,2026-03-21,1,Sofia Camara
hawthorne-theatre,Scoochie Boochie,2026-03-22,1,Groovebox
mississippi-studios,Son Little - CityFolk Tour 2026,2026-03-22,1,Tonina
polaris-hall,runo plum - Patching Tour,2026-03-22,1,Aubory Bugg
mississippi-studios,Local Love Letter #22: Gretta Seabird,2026-03-23,1,smilepile
mississippi-studios,Local Love Letter #22: Gretta Seabird,2026-03-23,2,Oklahoma Perfect
polaris-hall,Night Cap,2026-03-23,1,Flight by Nothing
aladdin-theater,White Reaper x Drug Church,2026-03-24,1,Spy
aladdin-theater,White Reaper x Drug Church,2026-03-24,2,Death Lens
mississippi-studios,The Barr Brothers - Let it Hiss Tour (Night 1),2026-03-24,1,Georgia Harmer
polaris-hall,Landon Conrath,2026-03-24,1,Abby Holliday
revolution-hall,The Wonder Years,2026-03-24,1,Knuckle Puck
revolution-hall,The Wonder Years,2026-03-24,2,Initiate
hawthorne-theatre,I SEE STARS SPIN THE WHEEL TOUR,2026-03-25,1,MOTHICA
hawthorne-theatre,I SEE STARS SPIN THE WHEEL TOUR,2026-03-25,2,Until I Wake
hawthorne-theatre,I SEE STARS SPIN THE WHEEL TOUR,2026-03-25,3,DIAMANTE
mississippi-studios,The Barr Brothers - Let it Hiss Tour (Night 2),2026-03-25,1,Georgia Harmer
polaris-hall,Pearly Drops,2026-03-25,1,Teather
show-bar,Marissa Nadler,2026-03-25,1,Anand Wilder
mississippi-studios,Liz Cooper,2026-03-26,1,Wes Parker
polaris-hall,The Belair Lip Bombs x dust,2026-03-26,1,Laveda
show-bar,Radium Dolls,2026-03-26,1,Carson Daniel
hawthorne-theatre,Ben Quad,2026-03-27,1,Riley!
hawthorne-theatre,Ben Quad,2026-03-27,2,Aren't We Amphibians
hawthorne-theatre,Ben Quad,2026-03-27,3,Footballhead
mississippi-studios,Delicate Steve,2026-03-27,1,Aggie Miller
polaris-hall,The Thing,2026-03-27,1,The Macks
polaris-hall,The Thing,2026-03-27,2,Club Deluxe
aladdin-theater,mclusky,2026-03-28,1,Ekko Astral
mississippi-studios,Wallice,2026-03-28,1,Lulu Simon
polaris-hall,Sword II,2026-03-28,1,Tex Patrello
the-get-down,Goldie Boutilier,2026-03-28,1,Syd Taylor
wonder-ballroom,Sarah Kinsley,2026-03-28,1,with girlpuppy
mississippi-studios,Skullcrusher,2026-03-29,1,h.pruz
polaris-hall,Saintseneca & Gladie,2026-03-29,1,Kelly's Future
wonder-ballroom,THE EARLY NOVEMBER & HELLOGOODBYE: 20 Years Young,2026-03-29,1,With guest The Dangerous Summer (Acoustic)
aladdin-theater,femtanyl,2026-03-30,1,Sixwing
aladdin-theater,femtanyl,2026-03-30,2,takihasdied
mississippi-studios,Elise Trouw presents: The Diary of Elon Lust Tour,2026-03-30,1,Shawna Pair
polaris-hall,MOVED TO ALADDIN THEATER: femtanyl,2026-03-30,1,takihasdied
roseland-theater,Whitechapel,2026-03-30,1,I Declare War
roseland-theater,Whitechapel,2026-03-30,2,Misery Whip
roseland-theater,Whitechapel,2026-03-30,3,Earth Eater
wonder-ballroom,Ruel – Kicking My Feet Tour,2026-03-30,1,With Mercer Henderson and Chelsea Jordan
hawthorne-theatre,L.A. Witch,2026-03-31,1,Daiistar
hawthorne-theatre,L.A. Witch,2026-03-31,2,Sun Atoms
mississippi-studios,Fust & Merce Lemon,2026-03-31,1,Georgia Maq
revolution-hall,Jeff Tweedy - Twilight Override Tour (Night 1),2026-03-31,1,Liam Kazar
wonder-ballroom,Yellow Days: Rock And A Hard Place Tour,2026-03-31,1,Rue Jacobs
aladdin-theater,Eliza McLamb - Good Story Tour,2026-04-01,1,Lily Seabird
mississippi-studios,Tokyo Tea Room,2026-04-01,1,Myriads (duo)
revolution-hall,Jeff Tweedy - Twilight Override Tour (Night 2),2026-04-01,1,Sima Cunningham
roseland-theater,I LOVE YOU BUT… I CHOSE THE MAINE,2026-04-01,1,Grayscale
roseland-theater,I LOVE YOU BUT… I CHOSE THE MAINE,2026-04-01,2,Nightly
roseland-theater,I LOVE YOU BUT… I CHOSE THE MAINE,2026-04-01,3,Franklin Jonas & The Byzantines
hawthorne-theatre,Bike Routes,2026-04-02,1,Instant Crush
polaris-hall,Carly Cosgrove,2026-04-02,1,Leisure Hour
polaris-hall,Carly Cosgrove,2026-04-02,2,Summerbruise
wonder-ballroom,Mind Enterprises,2026-04-02,1,DJ Tasty T
hawthorne-theatre,The Moss,2026-04-03,1,Rec Hall
mississippi-studios,Girl in a Coma,2026-04-03,1,Skating Polly
mississippi-studios,Girl in a Coma,2026-04-03,2,Femme Cell
roseland-theater,HEALTH x CARPENTER BRUT,2026-04-03,1,Desire
aladdin-theater,Dar Williams,2026-04-04,1,Ruth Theodore
hawthorne-theatre,Dark Tranquillity x Soen,2026-04-04,1,Persefone
mississippi-studios,Darkswoon (Album Release),2026-04-04,1,Altar Girl
mississippi-studios,Darkswoon (Album Release),2026-04-04,2,NYX Division
polaris-hall,Go Kurosawa,2026-04-04,1,Ben Hackett
polaris-hall,Go Kurosawa,2026-04-04,2,Barry Walker Unit
revolution-hall,Nick Lowe - Way Out West,2026-04-04,1,The Cactus Blossoms
roseland-theater,Microwave,2026-04-04,1,Anthony Green
roseland-theater,Microwave,2026-04-04,2,Hunny
roseland-theater,Microwave,2026-04-04,3,Pure Hex
wonder-ballroom,Vandelux,2026-04-04,1,Rio Kosta
aladdin-theater,Cass McCombs + Band,2026-04-05,1,Hand Habits
hawthorne-theatre,Kxllswxtch – EYESORE Tour,2026-04-05,1,Warlord Colossus
hawthorne-theatre,Kxllswxtch – EYESORE Tour,2026-04-05,2,Druidess
mississippi-studios,Half Shadow (EP Release),2026-04-05,1,Tispur
mississippi-studios,Half Shadow (EP Release),2026-04-05,2,Swinging
revolution-hall,GoldFord,2026-04-05,1,Rett Madison
roseland-theater,The Garden,2026-04-05,1,Ghost Mountain
mississippi-studios,Westerman,2026-04-06,1,Otto Benson
hawthorne-theatre,Sweet Pill – Still There's a Glow Tour,2026-04-07,1,Heart To Gold
hawthorne-theatre,Sweet Pill – Still There's a Glow Tour,2026-04-07,2,Spaced
aladdin-theater,Ratboys - When the Sun Explodes Tour 2026,2026-04-08,1,villagerrr
hawthorne-theatre,The Summer Set,2026-04-08,1,Senses
hawthorne-theatre,The Summer Set,2026-04-08,2,Lindsay Ell
hawthorne-theatre,The Summer Set,2026-04-08,3,Good Boy Daisy
mississippi-studios,Night Heron,2026-04-08,1,Mega Cat
roseland-theater,ERRA & Currents: The Silence Follows Tour 2026,2026-04-08,1,Caskets
roseland-theater,ERRA & Currents: The Silence Follows Tour 2026,2026-04-08,2,Aviana
aladdin-theater,Courtney Marie Andrews - The Valentine Tour,2026-04-09,1,Lou Hazel
mississippi-studios,Young Fresh Fellows,2026-04-09,1,Ecoh Ecoh Ecoh
mississippi-studios,Satsang (Solo) - The Story of You 10 Year Anniversary Tour,2026-04-10,1,Joey Harkum
polaris-hall,The Delines,2026-04-10,1,Forrest VanTuyl
wonder-ballroom,FCUKERS,2026-04-10,1,with RIP Magic
hawthorne-theatre,WE THREE,2026-04-11,1,Eli Wilson
mississippi-studios,Summer Cannibals,2026-04-11,1,Divers
aladdin-theater,The Psychology of Serial Killers,2026-04-12,1,Dr. Rachel Toles
mississippi-studios,Fishbone - In Your Face 40th Anniversary Tour,2026-04-12,1,Bite Me Bambi
show-bar,Bay Faction - Year of the Dog Tour,2026-04-12,1,NUFFER
hawthorne-theatre,The Casualties: Detonate Tour,2026-04-14,1,Bullshit Detector
polaris-hall,Kyle Hume,2026-04-14,1,Jude Barclay
roseland-theater,GWAR,2026-04-14,1,Soulfly
roseland-theater,GWAR,2026-04-14,2,King Parrot
mississippi-studios,Local Love Letter #23: Guitar,2026-04-15,1,Chandler Trey Johnson
mississippi-studios,Local Love Letter #23: Guitar,2026-04-15,2,Lucky Star
polaris-hall,Marshall Crenshaw,2026-04-15,1,James Mastro
roseland-theater,DRAIN,2026-04-15,1,No Pressure
roseland-theater,DRAIN,2026-04-15,2,Haywire
roseland-theater,DRAIN,2026-04-15,3,Secret World
wonder-ballroom,THURSDAY presents FULL CITY DEVOLUCION,2026-04-15,1,with Chris Conley
aladdin-theater,The Builders and the Butchers Album Release (featuring members of the Portland Cello Project),2026-04-16,1,The Shivas
aladdin-theater,The Builders and the Butchers Album Release (featuring members of the Portland Cello Project),2026-04-16,2,Jared Mees and The Grown Children
mississippi-studios,"Rocketship: 30th anniversary celebration of ""A Certain Smile, A Certain Sadness""",2026-04-17,1,The Telephone Numbers
mississippi-studios,"Rocketship: 30th anniversary celebration of ""A Certain Smile, A Certain Sadness""",2026-04-17,2,Remedy & Wren
revolution-hall,The Wallflowers - Bringing Down the Horse 30th Anniversary Tour,2026-04-17,1,Aaron Lee Tasjan
roseland-theater,AFI,2026-04-17,1,Choir Boy
mississippi-studios,Flyte,2026-04-18,1,Samantha Crain
roseland-theater,Behemoth: The Godless IV 2026,2026-04-18,1,Deicide
roseland-theater,Behemoth: The Godless IV 2026,2026-04-18,2,Rotting Christ
roseland-theater,Behemoth: The Godless IV 2026,2026-04-18,3,Immolation
mississippi-studios,Koonce Ross Fraser,2026-04-19,1,Kip Richardson and The Prose
revolution-hall,Free Throw - Moments Before The Wind Tour,2026-04-19,1,Macseal
revolution-hall,Free Throw - Moments Before The Wind Tour,2026-04-19,2,TRSH
revolution-hall,Free Throw - Moments Before The Wind Tour,2026-04-19,3,wakelee
roseland-theater,Freddie Dredd – Back to Hell Tour,2026-04-19,1,Germ
roseland-theater,Freddie Dredd – Back to Hell Tour,2026-04-19,2,Cursed
mississippi-studios,Rickshaw Billie's Burger Patrol - Cash Grab Tour 2026,2026-04-20,1,American Sharks
hawthorne-theatre,Bleed From Within – The Zenith Tour – North America,2026-04-21,1,Sylosis
hawthorne-theatre,Bleed From Within – The Zenith Tour – North America,2026-04-21,2,Great American Ghost
hawthorne-theatre,Bleed From Within – The Zenith Tour – North America,2026-04-21,3,Life Cycles
revolution-hall,Wednesday Bleeds Tour 2026 (Night 1),2026-04-21,1,Gouge Away
mississippi-studios,Twen,2026-04-22,1,Monsoon
polaris-hall,Getdown Services,2026-04-22,1,Litronix
revolution-hall,Wednesday Bleeds Tour 2026 (Night 2),2026-04-22,1,Gouge Away
mississippi-studios,"STUMPFEST XI: OLD MAN GLOOM, JAYE JAYLE, GUILTLESS",2026-04-23,1,TACOS! & SEMUTA
aladdin-theater,Iris DeMent,2026-04-24,1,Ana Egge
mississippi-studios,"STUMPFEST XI: TORCHE, DRUNK HORSE, DANAVA",2026-04-24,1,STAINLESS & BLADE
wonder-ballroom,Langhorne Slim: The Dreamin' Kind Tour,2026-04-24,1,With guest Laney Jones and the Spirits
mississippi-studios,"STUMPFEST XI: ALL THEM WITCHES, DANNY CAREY TRIO, TERRY GROSS",2026-04-25,1,ROYAL THUNDER & BLACK MARE
polaris-hall,Soul Blind,2026-04-25,1,Split Chain
polaris-hall,Soul Blind,2026-04-25,2,Downward
polaris-hall,Soul Blind,2026-04-25,3,Dream Fatigue
hawthorne-theatre,Shayfer James – The Counterfeit Summoning Tour,2026-04-26,1,Maiah Wynne
mississippi-studios,Trinity Jane (Album Release),2026-04-26,1,Essie and The Hum
aladdin-theater,Alice Phoebe Lou - Oblivion Tour,2026-04-27,1,John Andrews & The Yawns
hawthorne-theatre,Cydeways,2026-04-27,1,The Irie
hawthorne-theatre,Cydeways,2026-04-27,2,Native Leaves
mississippi-studios,The Wedding Present - Seamonsters 35th Anniversary Tour,2026-04-27,1,Mark Robinson sings Unrest
wonder-ballroom,The Brook & The Bluff: The Werewolf Tour,2026-04-27,1,With guest Ethan Tasch
hawthorne-theatre,Shadow of Intent – Imperium Delirium North American Tour 2026,2026-04-28,1,Angelmaker
hawthorne-theatre,Shadow of Intent – Imperium Delirium North American Tour 2026,2026-04-28,2,Mental Cruelty
hawthorne-theatre,Shadow of Intent – Imperium Delirium North American Tour 2026,2026-04-28,3,Synestia
wonder-ballroom,Patrick Watson – Uh Oh Tour,2026-04-28,1,With guest La Force
polaris-hall,Ashes To Amber,2026-04-29,1,Nature TV
mississippi-studios,Daniel Romano's Outfit,2026-04-30,1,Uni Boys
wonder-ballroom,JENSEN MCRAE – God Has A Hitman Tour,2026-04-30,1,With guest Marie Dresselhuis
aladdin-theater,Cut Worms,2026-05-01,1,Angela Autumn
revolution-hall,Oh Wonder - Songs at the Piano,2026-05-01,1,WRABEL
wonder-ballroom,The Red Pears and Together Pangea,2026-05-01,1,With The High Curbs
hawthorne-theatre,Lou Deezi,2026-05-02,1,BanditTheMack
hawthorne-theatre,Lou Deezi,2026-05-02,2,OsoSuckaK
hawthorne-theatre,Lou Deezi,2026-05-02,3,Tinizee
mississippi-studios,Anna Tivel,2026-05-02,1,Sam Weber
revolution-hall,La Dispute,2026-05-02,1,From Indian Lakes
revolution-hall,La Dispute,2026-05-02,2,Flooding
aladdin-theater,The Dear Hunter - The Road to Sunya Tour 2026,2026-05-04,1,Closure In Moscow
aladdin-theater,The Dear Hunter - The Road to Sunya Tour 2026,2026-05-04,2,K Sera
hawthorne-theatre,Silent Theory,2026-05-04,1,Outlier
hawthorne-theatre,Silent Theory,2026-05-04,2,Discrepancies
mississippi-studios,ADULT.,2026-05-04,1,Donzii
mississippi-studios,ADULT.,2026-05-04,2,The Treasury
polaris-hall,Field Medic,2026-05-04,1,Beaming
hawthorne-theatre,Struggle Jennings,2026-05-05,1,Savannah Rae
mississippi-studios,King Tuff,2026-05-05,1,Gabriel Bernini
polaris-hall,Easy Honey,2026-05-07,1,Jack Shield & The Mojave Rush
roseland-theater,BOYS LIKE GIRLS – The Soundtrack Of Your Life Tour,2026-05-07,1,iDKHOW
roseland-theater,BOYS LIKE GIRLS – The Soundtrack Of Your Life Tour,2026-05-07,2,Arrows in Action
mississippi-studios,Jay Si Proof,2026-05-08,1,Mr. Vale's Math Class
polaris-hall,SUSS,2026-05-08,1,Ann Annie
revolution-hall,The Floozies,2026-05-08,1,Mocha
revolution-hall,The Floozies,2026-05-08,2,Bray Radbury
roseland-theater,Cabaret Voltaire,2026-05-08,1,I Speak Machine
aladdin-theater,The New Pornographers,2026-05-09,1,Will Sheff (of Okkervil River)
hawthorne-theatre,Melrose Avenue,2026-05-09,1,Autumn Kings
hawthorne-theatre,Melrose Avenue,2026-05-09,2,Stray View
mississippi-studios,Blu & Exile,2026-05-09,1,Rasheed Jamal
mississippi-studios,Blu & Exile,2026-05-09,2,spinitch (DJ set)
mississippi-studios,Holy Fuck,2026-05-10,1,Memorials
roseland-theater,Alex G,2026-05-10,1,Agriculture
aladdin-theater,Faetooth,2026-05-11,1,Iress
aladdin-theater,Faetooth,2026-05-11,2,Nightosphere
mississippi-studios,"Ike Dweck - The ""Safe With Me"" Tour",2026-05-11,1,Zachy
polaris-hall,MOVED TO ALADDIN THEATER: Faetooth,2026-05-11,1,Iress
polaris-hall,MOVED TO ALADDIN THEATER: Faetooth,2026-05-11,2,Nightosphere
roseland-theater,Alex G,2026-05-11,1,Agriculture
hawthorne-theatre,GZA – Celebrating 30 Years of Liquid Swords featuring PHUNKY NOMADS *RESCHEDULED DATE*,2026-05-12,1,Cool Nutz
hawthorne-theatre,GZA – Celebrating 30 Years of Liquid Swords featuring PHUNKY NOMADS *RESCHEDULED DATE*,2026-05-12,2,Mic Crenshaw with Mob Rule
hawthorne-theatre,GZA – Celebrating 30 Years of Liquid Swords featuring PHUNKY NOMADS *RESCHEDULED DATE*,2026-05-12,3,DJ Crush
hawthorne-theatre,VANA: THE LADY IN RED TOUR,2026-05-13,1,Cloudyfield
hawthorne-theatre,VANA: THE LADY IN RED TOUR,2026-05-13,2,Deadlands
hawthorne-theatre,VANA: THE LADY IN RED TOUR,2026-05-13,3,RedHook
mississippi-studios,Coma Cinema & Trace Mountains,2026-05-13,1,Léna Bartels
roseland-theater,Joyce Manor,2026-05-13,1,Militarie Gun
roseland-theater,Joyce Manor,2026-05-13,2,Teen Mortgage
roseland-theater,Joyce Manor,2026-05-13,3,Combat
aladdin-theater,Yumi Zouma,2026-05-14,1,Ducks Ltd.
revolution-hall,Wild Nothing - 'Gemini' Anniversary Tour,2026-05-14,1,Lunar Vacation
mississippi-studios,Glen Phillips (of Toad the Wet Sprocket),2026-05-15,1,Garrison Starr
aladdin-theater,Alan Doyle,2026-05-16,1,The East Pointers (Duo)
mississippi-studios,Dazzling Killmen,2026-05-16,1,Point Line Plane
mississippi-studios,Dazzling Killmen,2026-05-16,2,Horsebag
wonder-ballroom,Dry Cleaning,2026-05-17,1,With guest Hotline TNT
aladdin-theater,Elias Rønnenfelt & Evanora Unlimited,2026-05-18,1,John FM
polaris-hall,GATECREEPER,2026-05-18,1,Eternal
polaris-hall,GATECREEPER,2026-05-18,2,Dying Remains
polaris-hall,GATECREEPER,2026-05-18,3,Denial of Life
polaris-hall,Glom,2026-05-19,1,Buffchick
revolution-hall,Kevin Morby - Little Wide Open Tour,2026-05-19,1,Liam Kazar
crystal-ballroom,American Football,2026-05-20,1,Mei Semones
hawthorne-theatre,Prince Daddy & The Hyena,2026-05-20,1,Remo Drive
hawthorne-theatre,Prince Daddy & The Hyena,2026-05-20,2,Restraining Order
revolution-hall,Melody's Echo Chamber – Unclouded Tour,2026-05-22,1,Strange Lot
wonder-ballroom,hemlocke springs: the apple tree under the sea tour,2026-05-22,1,with The Girl!
aladdin-theater,The Weather Machine,2026-05-23,1,Reb & the Good News
polaris-hall,Lowertown,2026-05-23,1,Micah Preite
mississippi-studios,Accessory,2026-05-24,1,Facing
aladdin-theater,Chapterhouse: Whirlpool 35 - Performing their classic debut album in full,2026-05-26,1,The Asteroid No.4
aladdin-theater,VUNDABAR – 'Gawk' 10 Year Anniversary Tour,2026-05-27,1,Goon
roseland-theater,CHAOS & CARNAGE 2026 w/ THY ART IS MURDER + CARNIFEX + BODYSNATCHER + SPECIAL GUESTS,2026-05-27,1,200 Stab Wounds
roseland-theater,CHAOS & CARNAGE 2026 w/ THY ART IS MURDER + CARNIFEX + BODYSNATCHER + SPECIAL GUESTS,2026-05-27,2,Ingested
roseland-theater,CHAOS & CARNAGE 2026 w/ THY ART IS MURDER + CARNIFEX + BODYSNATCHER + SPECIAL GUESTS,2026-05-27,3,Gates to Hell
roseland-theater,CHAOS & CARNAGE 2026 w/ THY ART IS MURDER + CARNIFEX + BODYSNATCHER + SPECIAL GUESTS,2026-05-27,4,Bodybox
mississippi-studios,Local Love Letter #24: Slender Gems,2026-05-28,1,Nug
mississippi-studios,Local Love Letter #24: Slender Gems,2026-05-28,2,Killmer
aladdin-theater,Sleepytime Gorilla Museum,2026-05-29,1,Gumby's Junk
hawthorne-theatre,Spite,2026-05-29,1,Emmure
hawthorne-theatre,Spite,2026-05-29,2,Psycho-Frame
hawthorne-theatre,Spite,2026-05-29,3,Rev3rent
roseland-theater,REVOLVER PRESENTS: THORNHILL: The Mercia Tour,2026-05-29,1,156/Silence
roseland-theater,REVOLVER PRESENTS: THORNHILL: The Mercia Tour,2026-05-29,2,Fox Lake
roseland-theater,REVOLVER PRESENTS: THORNHILL: The Mercia Tour,2026-05-29,3,Vianova
aladdin-theater,Rhododendron,2026-05-30,1,Sea Moss
mississippi-studios,Days Of Bowie Presents: Black Country Rock,2026-05-30,1,Collin Hegna and The Outerspace Outlaws
revolution-hall,DANCE WITH THE DEAD + MAGIC SWORD - The Face Off Tour 2026,2026-05-30,1,Megan McDuffee
wonder-ballroom,Yot Club – Simpleton Tour,2026-05-31,1,with Renny Conti
hawthorne-theatre,Marietta,2026-06-02,1,Snowing
hawthorne-theatre,Marietta,2026-06-02,2,Awakebutstillinbed
mississippi-studios,"John Craigie performs ""Help! The Lonely Beatles For Sale"" (Night 1)",2026-06-02,1,TBA
mississippi-studios,"John Craigie performs ""Help! The Lonely Beatles For Sale"" (Night 2)",2026-06-03,1,TBA
polaris-hall,"John Craigie performs ""Help! The Lonely Beatles For Sale""",2026-06-04,1,TBA
roseland-theater,Archspire: Long Roads Big Loads Tour,2026-06-05,1,Undeath
roseland-theater,Archspire: Long Roads Big Loads Tour,2026-06-05,2,Crown Magnetar
roseland-theater,Archspire: Long Roads Big Loads Tour,2026-06-05,3,Mutilation Barbecue
aladdin-theater,Racing Mount Pleasant,2026-06-09,1,Isobel
polaris-hall,Lip Critic,2026-06-09,1,Flatwounds
polaris-hall,Lip Critic,2026-06-09,2,Bejalvin
mississippi-studios,By Storm - My Ghost Go Ghost,2026-06-10,1,Corridos Ketamina
roseland-theater,Toadies: The Charmer Tour,2026-06-10,1,Local H
roseland-theater,Toadies: The Charmer Tour,2026-06-10,2,Sparta
polaris-hall,lowercase,2026-06-11,1,Thrones
polaris-hall,lowercase,2026-06-11,2,Caustic Resin
hawthorne-theatre,Em Beihold: Tales of a Failed Shapeshifter Tour,2026-06-12,1,Janani K. Jha
aladdin-theater,Tigers Jaw,2026-06-13,1,Pool Kids
aladdin-theater,Tigers Jaw,2026-06-13,2,Bleary Eyed
hawthorne-theatre,Moon Walker's Wasteland Country Tour,2026-06-13,1,Pretoria
hawthorne-theatre,Moon Walker's Wasteland Country Tour,2026-06-13,2,Super Cassette
mississippi-studios,Alela Diane,2026-06-13,1,Shannon Lay
hawthorne-theatre,Witch Club Satan,2026-06-15,1,Patriarchy
hawthorne-theatre,"DEATH ANGEL – ""ACT III"" Tour",2026-06-16,1,Vio-lence
hawthorne-theatre,"DEATH ANGEL – ""ACT III"" Tour",2026-06-16,2,Incite
wonder-ballroom,The Crane Wives – ACT II,2026-06-18,1,with Yasmin Williams
wonder-ballroom,The Crane Wives – ACT II,2026-06-19,1,with Yasmin Williams
polaris-hall,Gia Margaret is on tour s i n g i n g,2026-06-21,1,with Brendan Eder Ensemble
polaris-hall,Perry Maysun – A Very Pathetic Tour,2026-06-22,1,Isaiah Poet
revolution-hall,Rx Bandits - And The Battle Begun 20th Anniversary Tour,2026-06-23,1,Maps & Atlases
mississippi-studios,Big Richard,2026-06-25,1,Minor Gold
aladdin-theater,Heavenly,2026-06-26,1,The Umbrellas
aladdin-theater,Heavenly,2026-06-26,2,Swansea Sound
polaris-hall,Solya,2026-06-26,1,Tele Novella
wonder-ballroom,Searows – Death in the Business of Whaling,2026-06-27,1,with Mori
mississippi-studios,Merle Law (Album Release),2026-06-28,1,ML Johnson
mississippi-studios,Merle Law (Album Release),2026-06-28,2,Ryan Oxford
wonder-ballroom,Searows – Death in the Business of Whaling,2026-06-28,1,with Mori
mississippi-studios,Daniela Andrade,2026-06-29,1,Brahny
polaris-hall,JOEY CASH,2026-06-29,1,Surgery Season
mississippi-studios,Ryan Davis & the Roadhouse Band,2026-07-01,1,Blurries
polaris-hall,Kelsy Karter & The Heroines: The Pleasure Tour,2026-07-01,1,Frankie and the Studs
hawthorne-theatre,Skald,2026-07-02,1,The Bard
hawthorne-theatre,Skald,2026-07-02,2,Nolan Bryan Lynch
revolution-hall,Kurt Vile And The Violators,2026-07-02,1,Ryan Davis + The Roadhouse Band
mississippi-studios,THE LOVETARIANS (Performing Spilt Milk),2026-07-03,1,Punchus (Primus tribute)
mississippi-studios,THE LOVETARIANS (Performing Spilt Milk),2026-07-03,2,Phil Ajjarapu
revolution-hall,WOLFMOTHER – 20th Anniversary Tour,2026-07-03,1,Love Gang
mississippi-studios,World Cup - USA vs Belgium Watch Party,2026-07-06,1,In the venue on the big screen and on the Bar Bar Patio
mississippi-studios,The Family Crest,2026-07-07,1,Silvertongue
wonder-ballroom,3QUENCY – GIRLS TALK TOUR,2026-07-07,1,Lucy & DJ Gab Wright
mississippi-studios,White Denim,2026-07-08,1,Arc Iris
polaris-hall,Pearl & The Oysters,2026-07-08,1,Logan Hone
polaris-hall,Pearl & The Oysters,2026-07-08,2,Katy & The Null Sets
mississippi-studios,Sir Richard Bishop,2026-07-09,1,Liam Grant
mississippi-studios,Sir Richard Bishop,2026-07-09,2,William DeLee
polaris-hall,Kill Bill: The Rapper,2026-07-09,1,Ashtin Larold
mississippi-studios,The Apricots,2026-07-10,1,Smokey Brights
mississippi-studios,The Apricots,2026-07-10,2,Chipped Nail Polish
revolution-hall,"Lucero: Celebrating ""That Much Further West""",2026-07-10,1,Thomas Dollbaum
wonder-ballroom,Have A Nice Life,2026-07-10,1,Rhododendron and Bosse-de-Nage
mississippi-studios,Mississippi Street Fair,2026-07-11,1,Mississippi Studios & Bar Bar are open 10am - 2am
mississippi-studios,Mississippi Street Fair,2026-07-11,2,World Cup Quarter Finals on the venue big screen at 2pm!
hawthorne-theatre,Save Ferris – It Means Everything – 29 Year Anniversary Tour,2026-07-12,1,Systemic Collapse
polaris-hall,Brotherkenzie,2026-07-12,1,Dirt Buyer
polaris-hall,Brotherkenzie,2026-07-12,2,Madi Gaines
hawthorne-theatre,Belmont,2026-07-14,1,Major League
hawthorne-theatre,Belmont,2026-07-14,2,Spite House
hawthorne-theatre,Belmont,2026-07-14,3,all in ur head
polaris-hall,SINCERE ENGINEER - The Probable Claws Tour,2026-07-14,1,Ways Away
polaris-hall,SINCERE ENGINEER - The Probable Claws Tour,2026-07-14,2,Smug LLC
polaris-hall,Earth to Eve,2026-07-15,1,Hayley Lynn Duo
revolution-hall,Fiddlehead,2026-07-15,1,Narrow Head
revolution-hall,Fiddlehead,2026-07-15,2,Knumears
revolution-hall,Fiddlehead,2026-07-15,3,Destiny Bond
roseland-theater,Marcus King Band,2026-07-15,1,Penelope Road
mississippi-studios,The Lostines,2026-07-16,1,Lucas Benoit
mississippi-studios,The Lostines,2026-07-16,2,Sequoia
polaris-hall,Wic Whitney,2026-07-16,1,Zach Lloyd
aladdin-theater,Shinyribs,2026-07-17,1,Schaefer Llana
mississippi-studios,Califone,2026-07-17,1,Corrina Repp
revolution-hall,Pavement,2026-07-18,1,Street Nights
mississippi-studios,Jeffrey Silverstein,2026-07-19,1,Strange Pilgrim
mississippi-studios,Jeffrey Silverstein,2026-07-19,2,DJ Stonebunny
polaris-hall,Snõõper,2026-07-20,1,Happy Death Men
polaris-hall,Snõõper,2026-07-20,2,Conspire
polaris-hall,Snõõper,2026-07-20,3,Keddies Resort
polaris-hall,Vacation Manor,2026-07-21,1,Nolen Durham
hawthorne-theatre,I Set My Friends On Fire,2026-07-22,1,Strawberry Girls
hawthorne-theatre,I Set My Friends On Fire,2026-07-22,2,Current Comfort
hawthorne-theatre,I Set My Friends On Fire,2026-07-22,3,asthelifeleavesyoureyes
mississippi-studios,The Body,2026-07-22,1,BIG|BRAVE
mississippi-studios,The Body,2026-07-22,2,Cinder Well
polaris-hall,sace6,2026-07-22,1,Shyeye
mississippi-studios,Futurebirds - Far Out Country Tour,2026-07-23,1,Deloyd Elze
polaris-hall,Chinese American Bear,2026-07-23,1,Camp Crush
mississippi-studios,Colleen Green,2026-07-24,1,Samuel Globule
mississippi-studios,Colleen Green,2026-07-24,2,Mini Blinds
revolution-hall,Benjamin Tod & Lost Dog Street Band (Night 1),2026-07-24,1,Kelsey Waldon
revolution-hall,Benjamin Tod and the Inline Six 2026 Tour (Night 1),2026-07-24,1,Kelsey Waldon
polaris-hall,Starcrawler,2026-07-25,1,Sluttony
polaris-hall,Starcrawler,2026-07-25,2,Mr. Boy
revolution-hall,Benjamin Tod & Lost Dog Street Band (Night 2),2026-07-25,1,Kelsey Waldon
revolution-hall,Benjamin Tod and the Inline Six 2026 Tour (Night 2),2026-07-25,1,Kelsey Waldon
revolution-hall,KIM GORDON - PLAY ME TOUR,2026-07-26,1,SASAMI
polaris-hall,Kevian Kraemer,2026-07-27,1,Closebye
aladdin-theater,James McMurtry and the Martial Law Review,2026-07-28,1,Bettysoo
hawthorne-theatre,Of Virtue & Savage Hands,2026-07-28,1,Set For Tomorrow
hawthorne-theatre,Of Virtue & Savage Hands,2026-07-28,2,Sorry X
aladdin-theater,WU LYF,2026-07-29,1,Bondo
revolution-hall,JOSH TATOFI,2026-07-29,1,CHANTE
mississippi-studios,Local Love Letter #26: The Generals,2026-07-30,1,My New Vice
mississippi-studios,Local Love Letter #26: The Generals,2026-07-30,2,SuperSonic Explosionizer
wonder-ballroom,Willow Avalon – Pink Pocket Pistol Tour,2026-07-30,1,Audrey McGraw and Slater Nalley
hawthorne-theatre,Six Feet Under,2026-07-31,1,Kataklysm
hawthorne-theatre,Six Feet Under,2026-07-31,2,Wormhole
mississippi-studios,DEVOtees,2026-07-31,1,molly BANG
polaris-hall,Tommy Newport - Face to Face Tour,2026-07-31,1,Noah Pope
revolution-hall,"DeVotchKa ""A Tribute to the Music of Little Miss Sunshine""",2026-07-31,1,Black Viiolet
mississippi-studios,Adam Cayton-Holland,2026-08-01,1,Shain Brenden
revolution-hall,Old 97's,2026-08-01,1,River Shook
mississippi-studios,Aaron Rowe,2026-08-02,1,Tommy McCrone
polaris-hall,Austin TV,2026-08-02,1,Blesst Chest
revolution-hall,Bad Nerves,2026-08-02,1,The Death Chat
revolution-hall,Bad Nerves,2026-08-02,2,Forty Feet Tall
aladdin-theater,The Strike,2026-08-03,1,Kids That Fly
roseland-theater,Poppy,2026-08-03,1,Landmvrks
roseland-theater,Poppy,2026-08-03,2,Thousand Below
polaris-hall,Anthony Green - This Tour Won't Save You,2026-08-04,1,Geoff Rickly
polaris-hall,Anthony Green - This Tour Won't Save You,2026-08-04,2,Keith Goodwin
hawthorne-theatre,Mattstagraham,2026-08-05,1,Side Note
mississippi-studios,Never Come Down,2026-08-06,1,Tall Poppy String Band
hawthorne-theatre,Oakwood,2026-08-07,1,Circa 40
hawthorne-theatre,Oakwood,2026-08-07,2,My Better Half
hawthorne-theatre,Oakwood,2026-08-07,3,Stella
polaris-hall,Cruz Beckham and The Breakers - For Your Love Tour,2026-08-07,1,Candy Cigarettes
mississippi-studios,Playlunch,2026-08-08,1,Yagki
polaris-hall,John-Robert,2026-08-08,1,MyKey
polaris-hall,Porcelain,2026-08-09,1,Yudai
polaris-hall,Porcelain,2026-08-09,2,HISS
revolution-hall,Yard Act,2026-08-09,1,Bambara
mississippi-studios,Man Man,2026-08-10,1,American Tomahawk
hawthorne-theatre,Driveways,2026-08-11,1,Like Roses
hawthorne-theatre,Driveways,2026-08-11,2,Action/Adventure
mississippi-studios,WILLIS,2026-08-11,1,Zzzahara
mississippi-studios,WILLIS,2026-08-11,2,The Flooks
polaris-hall,Alex Amen,2026-08-11,1,Barry Walker Unit
wonder-ballroom,Kingfishr,2026-08-11,1,TADHG NOLAN
polaris-hall,Deradoorian,2026-08-12,1,Warm Static
wonder-ballroom,Chasing Abbey,2026-08-12,1,Sawtooth
mississippi-studios,Ian Moore,2026-08-13,1,Chris Margolin
polaris-hall,Ella Red - TOUR'S NOT REAL: PART 2,2026-08-13,1,Zoe Ko
polaris-hall,Ella Red - TOUR'S NOT REAL: PART 2,2026-08-13,2,Renn Olympus
mississippi-studios,Hippie Death Cult,2026-08-14,1,Abronia
polaris-hall,Greg Mendez,2026-08-14,1,Maria BC
polaris-hall,Greg Mendez,2026-08-14,2,Mealworm
roseland-theater,Passion Pit – The Pretty Penny Tour,2026-08-14,1,Arden Jones
polaris-hall,Marielle Kraft,2026-08-15,1,William Hinson
revolution-hall,BAILEN - SWIM!!! At Your Own Risk Tour,2026-08-15,1,BEL
aladdin-theater,Olivia O'Brien Presents: The PIXIE Tour,2026-08-16,1,Sophie Cates
aladdin-theater,POSTPONED TBD: Olivia O'Brien Presents: The PIXIE Tour,2026-08-16,1,Sophie Cates
polaris-hall,Jejune w/ Racecourse,2026-08-16,1,Stresser
polaris-hall,Willowake,2026-08-17,1,Growing Pains
hawthorne-theatre,Krooked Kings,2026-08-18,1,Boyscott
mississippi-studios,Amy Helm,2026-08-18,1,Martha Scanlan + Jon Neufeld
polaris-hall,Sean Hayes,2026-08-18,1,John Courage
mississippi-studios,Local Love Letter #27: Neilson Family (Album Release),2026-08-19,1,Gondos
mississippi-studios,Local Love Letter #27: Neilson Family (Album Release),2026-08-19,2,Baby Grendel
polaris-hall,DWLLRS: One of Those Nights Tour,2026-08-19,1,thebandfriday
polaris-hall,DWLLRS: One of Those Nights Tour,2026-08-19,2,Sleeping With Socks On
revolution-hall,"Helado Negro and Reyna Tropical as ""Helado Tropical""",2026-08-19,1,Palmas Del Sol
aladdin-theater,Los Mirlos,2026-08-20,1,DJ Papi Fimbres
polaris-hall,Dutch Interior,2026-08-20,1,IDAHO
aladdin-theater,Angine de Poitrine,2026-08-21,1,Population II
mississippi-studios,La Luz,2026-08-21,1,Spacemoth
mississippi-studios,SOD OUT: La Luz,2026-08-21,1,Spacemoth
polaris-hall,Willy Braun,2026-08-21,1,Joy Pearson
mississippi-studios,Silkworm,2026-08-22,1,Nina Nastasia
roseland-theater,The Sword & Red Fang,2026-08-22,1,Spoon Benders
wonder-ballroom,G Flip – Bed on Fire Tour,2026-08-22,1,Vienna Vienna
hawthorne-theatre,Nonpoint,2026-08-23,1,Spineshank
hawthorne-theatre,Nonpoint,2026-08-23,2,(hed) P.E.
mississippi-studios,VONNIE KYLE & THE HEROES (EP RELEASE),2026-08-23,1,Hayley Lynn & The Villains
polaris-hall,Good Terms,2026-08-23,1,Stateside
polaris-hall,Good Terms,2026-08-23,2,Swiss Army Wife
polaris-hall,Good Terms,2026-08-23,3,All Hype
mississippi-studios,The Black Heart Procession,2026-08-24,1,Mattress
polaris-hall,BACK TO WORK (IN PROGRESS) Chelsea Peretti Live,2026-08-25,1,Emily Wilson
revolution-hall,Bill Callahan,2026-08-25,1,Lonnie Holley
roseland-theater,honestav – The Sweet American Boy Tour,2026-08-26,1,Miscellaneous Department
hawthorne-theatre,Lapeche,2026-08-27,1,Chums
hawthorne-theatre,Lapeche,2026-08-27,2,Feversleep
mississippi-studios,The Heeters,2026-08-27,1,dadweed
mississippi-studios,The Heeters,2026-08-27,2,Wren & Juniper Ingber
polaris-hall,The Yawpers,2026-08-27,1,Waxwings
polaris-hall,The Yawpers,2026-08-27,2,Shep Gold
wonder-ballroom,Eagles of Death Metal – Death By Sexy Anniversary Tour,2026-08-27,1,Paradise Vultures
mississippi-studios,Black Joe Lewis & The Honeybears,2026-08-28,1,Rattle Snake Mama
polaris-hall,Twisted Teens,2026-08-28,1,Forty Drop Few
hawthorne-theatre,Kublaii,2026-08-29,1,Silvertongue
mississippi-studios,The Prids,2026-08-29,1,Risley
mississippi-studios,The Prids,2026-08-29,2,Shadowlands
polaris-hall,Death Lens,2026-08-29,1,Heart to Gold
polaris-hall,Death Lens,2026-08-29,2,Grave Secrets
polaris-hall,Death Lens,2026-08-29,3,Clarity
wonder-ballroom,Black Marble,2026-08-29,1,The Serfs and Jimmy
hawthorne-theatre,Sweet Pill,2026-08-30,1,Deux Visages
hawthorne-theatre,Sweet Pill,2026-08-30,2,Bike Routes
revolution-hall,porch kiss,2026-08-30,1,Gawshock
revolution-hall,porch kiss,2026-08-30,2,Herr God
show-bar,porch kiss,2026-08-30,1,Gawshock
show-bar,porch kiss,2026-08-30,2,Herr God
hawthorne-theatre,BRENN! – AMATEUR AT BEST WORLD TOUR,2026-08-31,1,Tom Siletto
polaris-hall,My New Band Believe,2026-08-31,1,Ryley Walker
mississippi-studios,Magic Sword,2026-09-01,1,Skylimit
mississippi-studios,Magic Sword,2026-09-01,2,Starcourt
mississippi-studios,Nitzer Ebb - USA 2026,2026-09-02,1,Lead Into Gold
polaris-hall,Mini Trees,2026-09-02,1,Coral Grief
polaris-hall,Mini Trees,2026-09-02,2,Alexandra Burress
hawthorne-theatre,PawPaw Rod – Picture Day Tour,2026-09-04,1,femdot.
mississippi-studios,Les Gold (Album Release),2026-09-04,1,Family Worship Center
polaris-hall,Emma Harner,2026-09-04,1,preyhound
revolution-hall,Zoh Amba,2026-09-04,1,Bijoux Cone
aladdin-theater,Southern Culture on the Skids,2026-09-05,1,Poi Rogers
mississippi-studios,"Reb & the Good News / Love, DEAN",2026-09-05,1,Zyanna
revolution-hall,W.I.T.C.H.,2026-09-05,1,Sun Atoms
polaris-hall,GLU,2026-09-06,1,Candy Cigarettes
revolution-hall,Pond - Terrestrials Tour,2026-09-07,1,Painted Vein
hawthorne-theatre,KELS – Dirty Blues Princess Tour – HAWTHORNE THEATRE,2026-09-08,1,Ella Maddux
mississippi-studios,Yuma Abe,2026-09-08,1,Dakota Theim
crystal-ballroom,Altın Gün North America Tour 2026,2026-09-09,1,Alex Maas
mississippi-studios,Local Love Letter #28: Vista House,2026-09-09,1,Babytooth
mississippi-studios,Local Love Letter #28: Vista House,2026-09-09,2,Bory
polaris-hall,Pallbearer,2026-09-09,1,Ordh
polaris-hall,Pallbearer,2026-09-09,2,Shield Maiden
revolution-hall,Altın Gün North America Tour 2026,2026-09-09,1,Alex Maas
hawthorne-theatre,Isaiah Falls,2026-09-10,1,RAAHiiM
hawthorne-theatre,Isaiah Falls,2026-09-10,2,Icee Red
hawthorne-theatre,Isaiah Falls,2026-09-10,3,Luxury Lane
mississippi-studios,Left on Tenth,2026-09-10,1,BendreTheGiant
mississippi-studios,Left on Tenth,2026-09-10,2,No Soap
mississippi-studios,Left on Tenth,2026-09-10,3,Radio
polaris-hall,Benny Bellson,2026-09-10,1,Renn Olympus
polaris-hall,Benny Bellson,2026-09-10,2,adamhenderson
revolution-hall,Mount Eerie,2026-09-10,1,Tom Blood
roseland-theater,Starbomb: Probably The Only Tour Ever,2026-09-10,1,Epic Rap Battles of History
wonder-ballroom,The Charlatans UK – North American Tour 2026,2026-09-10,1,Frankie Rose
aladdin-theater,Isaac Slade (Formerly of The Fray): Songs I Know - Solo Tour 2026,2026-09-11,1,Garret Elias
polaris-hall,Kevin Atwater - Blush Red Tour,2026-09-11,1,Ruby Plume
revolution-hall,The Infamous Stringdusters,2026-09-11,1,Silas Herman & The Tone Unit
wonder-ballroom,"Eihwar – ""Nordic Ritual Nights"" USA Tour 2026",2026-09-11,1,Frayle
polaris-hall,Chanpan - autogratis North American Tour,2026-09-12,1,SHEBAD
wonder-ballroom,Haute & Freddy's Big Disgrace Tour,2026-09-12,1,Rubin Brothers
hawthorne-theatre,Greek,2026-09-13,1,Humble
mississippi-studios,Ned and Wendy the Band / Maggie Ray & The Last Wild Ones (Double Album Release),2026-09-13,1,Le Gume
polaris-hall,Luv Language Tour with Jeff Bernat,2026-09-13,1,Elhae
mississippi-studios,Ruby Friedman Orchestra,2026-09-14,1,Kendall Lujan
wonder-ballroom,Public Image Ltd – This Is Not The Last Tour,2026-09-14,1,Plague Vendor
aladdin-theater,Manchester Orchestra - I'm Like a Virgin Losing a Child 20th Anniversary Tour,2026-09-15,1,brother bird
mississippi-studios,Theo Kandel,2026-09-15,1,Annika Wells
polaris-hall,Boys Go To Jupiter,2026-09-15,1,Alt-Bloom
polaris-hall,Boys Go To Jupiter,2026-09-15,2,Frecks
revolution-hall,Cortex,2026-09-15,1,Adrian Younge (Live)
revolution-hall,Cortex,2026-09-15,2,J Rocc (DJ)
wonder-ballroom,Loe Shimmy – Pretty Girls Run the World Tour,2026-09-15,1,Lakeyah
hawthorne-theatre,Johnny Manchild & The Poor Bastards,2026-09-16,1,Friend of a Friend
hawthorne-theatre,Johnny Manchild & The Poor Bastards,2026-09-16,2,Karma and The Killjoys
mississippi-studios,Mama Sam & The Jam / Glam Country (Double Album Release),2026-09-16,1,Karl Kling (with band)
polaris-hall,Sub Urban - The Bell Tolls Tour,2026-09-16,1,Golden Cats
mississippi-studios,Good Flying Birds,2026-09-17,1,Mesh
mississippi-studios,Good Flying Birds,2026-09-17,2,Nick Normal
aladdin-theater,Carsie Blanton,2026-09-18,1,The Burning Hell
mississippi-studios,Unsane,2026-09-18,1,CNTS
mississippi-studios,Unsane,2026-09-18,2,Gaytheist
wonder-ballroom,Waylon Wyatt – Dustpiles World Tour,2026-09-18,1,Zandi Holup
mississippi-studios,Joshua Ray Walker,2026-09-19,1,FABRIZIO
polaris-hall,Marlon Magnée (of La Femme) - WORLD TOUR PART 1,2026-09-19,1,Ghost Piss
roseland-theater,The Front Bottoms – 11 Years of Back On Top,2026-09-19,1,Foxy Shazam
roseland-theater,The Front Bottoms – 11 Years of Back On Top,2026-09-19,2,GDP
hawthorne-theatre,The Frights,2026-09-20,1,Archer Oh
mississippi-studios,Sweeping Promises,2026-09-20,1,The Intima
mississippi-studios,Sweeping Promises,2026-09-20,2,Public Pleasure
polaris-hall,Ghostly Kisses - North America Tour 2026,2026-09-20,1,Rosie Carney
revolution-hall,Cola,2026-09-20,1,Artificial Go
revolution-hall,The Front Bottoms - 11 Years of Back On Top,2026-09-20,1,Foxy Shazam
revolution-hall,The Front Bottoms - 11 Years of Back On Top,2026-09-20,2,GDP
roseland-theater,Chelsea Wolfe: THE DARK World Tour,2026-09-20,1,Jonathan Hultén
show-bar,Cola,2026-09-20,1,Artificial Go
mississippi-studios,Ariel Posen,2026-09-21,1,Zach Person
polaris-hall,Iguana Death Cult,2026-09-21,1,Black Ends
aladdin-theater,"Everything Everything - Get To Heaven, 10th Anniversary, North America 2026",2026-09-22,1,Psymon Spine
polaris-hall,Meltt,2026-09-22,1,Low Hum
revolution-hall,Radiator Hospital,2026-09-22,1,Dusk
revolution-hall,Radiator Hospital,2026-09-22,2,Salmon Doza
roseland-theater,Elder,2026-09-22,1,Blackwater Holylight
show-bar,Radiator Hospital,2026-09-22,1,Dusk
wonder-ballroom,Elder Island – Hello Baby Okay Tour,2026-09-22,1,Glassio
polaris-hall,Solya,2026-09-23,1,Tele Novella
roseland-theater,Sleep: North America 2026,2026-09-23,1,Pink Mountaintops
wonder-ballroom,ARLO PARKS – DESIRE TOUR,2026-09-23,1,BAIRD
aladdin-theater,Lauren Sanderson,2026-09-24,1,XKYLER
mississippi-studios,"Fox and Bones - ""Are We Still Having Fun"" Record Release",2026-09-24,1,Mr. Vale's Math Class
mississippi-studios,"Fox and Bones - ""Are We Still Having Fun"" Record Release",2026-09-24,2,Drift. Co
mississippi-studios,Portrayal of Guilt,2026-09-24,1,NØ MAN
mississippi-studios,Portrayal of Guilt,2026-09-24,2,Smirk
polaris-hall,Friko - Something Worth Waiting For: The Tour,2026-09-24,1,villagerrr
revolution-hall,ALDOUS HARDING,2026-09-24,1,Sam Burton
revolution-hall,"FOX AND BONES ""Are We Still Having Fun"" Record Release",2026-09-24,1,Mr. Vale's Math Class
revolution-hall,"FOX AND BONES ""Are We Still Having Fun"" Record Release",2026-09-24,2,Drift. Co
roseland-theater,Madeon presents Victory Live,2026-09-24,1,Contact Sports
mississippi-studios,Temples: The BLISS Tour,2026-09-25,1,Poppy Jean Crawford
roseland-theater,Uncle Acid & The Deadbeats – North America '26,2026-09-25,1,Messa
hawthorne-theatre,Ensiferum,2026-09-26,1,Firewind
hawthorne-theatre,Ensiferum,2026-09-26,2,Mamorlis
mississippi-studios,Chanel Beads,2026-09-26,1,Horse Vision
mississippi-studios,Chanel Beads,2026-09-26,2,urika's bedroom
revolution-hall,ALOK: EAT PRAY LEAVE TOUR (EARLY SHOW),2026-09-26,1,whatever mike
revolution-hall,ALOK: EAT PRAY LEAVE TOUR (LATE SHOW),2026-09-26,1,whatever mike
roseland-theater,JPEGMAFIA: the Experimental Rap Tour,2026-09-26,1,redveil
roseland-theater,JPEGMAFIA: the Experimental Rap Tour,2026-09-26,2,Matt Proxy
aladdin-theater,DON WEST,2026-09-27,1,Kesmar (DJ Set)
hawthorne-theatre,Show Me The Body,2026-09-27,1,WHISPERS
hawthorne-theatre,Show Me The Body,2026-09-27,2,Lip Critic
hawthorne-theatre,Show Me The Body,2026-09-27,3,Truck Violence
mississippi-studios,The Delines,2026-09-27,1,Freddy Trujillo : Release party for Ave Trujillo
revolution-hall,Chat Pile - Who Loves The Sun Tour 2026,2026-09-27,1,Soul Glo
revolution-hall,Chat Pile - Who Loves The Sun Tour 2026,2026-09-27,2,Virga
revolution-hall,"Texas Headhunters feat. Ian Moore, Jesse Dayton & Johnny Moeller",2026-09-27,1,Brooklyn Del & The Revelators
roseland-theater,Paris Paloma: The Fatal Flaw Tour,2026-09-27,1,Susannah Joffe
mississippi-studios,Nonbinary Girlfriend & Femme Cell,2026-09-28,1,Buddy Wynkoop
mississippi-studios,Nonbinary Girlfriend & Femme Cell,2026-09-28,2,One Hundred Billionths of a Second
polaris-hall,Rum Jungle,2026-09-28,1,Spooky Boys
revolution-hall,She & Him - Pump Up The Volumes Tour,2026-09-28,1,Jordana
roseland-theater,Killswitch Engage,2026-09-28,1,Machine Head
roseland-theater,Killswitch Engage,2026-09-28,2,Rivers of Nihil
roseland-theater,Killswitch Engage,2026-09-28,3,Judiciary
aladdin-theater,Hermanos Gutiérrez,2026-09-29,1,Y La Bamba
aladdin-theater,Perfume Genius (Duo),2026-09-29,1,Dan English
mississippi-studios,Soda Blonde,2026-09-29,1,Kate Davis
revolution-hall,Samantha Fish - Paper Doll Live World Tour,2026-09-29,1,Zac Schulze Gang
hawthorne-theatre,The Bends,2026-09-30,1,Flamingos in the Tree
mississippi-studios,Wednesday Night Special: Susan Rice,2026-09-30,1,Art Krug
revolution-hall,"Hear You Loud & Queer: ""Good Girls Only""",2026-09-30,1,hosted by Mack Lee and Ally J Ward
roseland-theater,Igorrr: North American Tour 2026,2026-09-30,1,Secret Chiefs 3
roseland-theater,Igorrr: North American Tour 2026,2026-09-30,2,Violent Magic Orchestra
roseland-theater,Channel Tres – The Enigma Tour,2026-10-01,1,KILIMANJARO
aladdin-theater,Deer Tick,2026-10-02,1,Presley Haile
hawthorne-theatre,Arrows in Action – I Think We've Toured Here Before,2026-10-02,1,Good Boy Daisy
hawthorne-theatre,Arrows in Action – I Think We've Toured Here Before,2026-10-02,2,Instant Crush
roseland-theater,EsDeeKid – Council House Rat Tour,2026-10-02,1,Rico Ace
wonder-ballroom,EMEI – Night at the Opera Tour,2026-10-02,1,Madeline
aladdin-theater,Nick Hakim,2026-10-03,1,Arima Ederra
hawthorne-theatre,Enter Shikari: North America 2026 *CANCELED*,2026-10-03,1,Initiate
polaris-hall,LEAP - Entropy World Tour,2026-10-03,1,OUT IN FRONT
aladdin-theater,Son Lux,2026-10-04,1,mmeadows
crystal-ballroom,Twin Temple,2026-10-04,1,Death Valley Girls
polaris-hall,Evening Elephants,2026-10-04,1,The Braymores
revolution-hall,Failure: Rising Skyline 2026,2026-10-04,1,quannnic
roseland-theater,Judah & The Lion,2026-10-04,1,Colby!
mississippi-studios,Mac Cornish (Album Release),2026-10-05,1,Barna Howard
polaris-hall,Will Varley,2026-10-05,1,Beans on Toast
roseland-theater,DYING FETUS & SANGUISUGABOGG,2026-10-05,1,Crowbar
roseland-theater,DYING FETUS & SANGUISUGABOGG,2026-10-05,2,Left To Suffer
roseland-theater,DYING FETUS & SANGUISUGABOGG,2026-10-05,3,Deterioration
aladdin-theater,Phillip Phillips,2026-10-06,1,Elias Hix
hawthorne-theatre,PEELINGFLESH,2026-10-06,1,Gridiron
hawthorne-theatre,PEELINGFLESH,2026-10-06,2,Outta Pocket
hawthorne-theatre,PEELINGFLESH,2026-10-06,3,Grounds for Assault
hawthorne-theatre,PEELINGFLESH,2026-10-06,4,Flesh
mississippi-studios,Michigander,2026-10-06,1,Chapel
polaris-hall,Acid Mothers Temple,2026-10-06,1,Magick Potion
revolution-hall,Jane Remover - Live Exhibit,2026-10-06,1,Dazegxd
roseland-theater,Castle Rat: Summon The Beasts Tour 2026,2026-10-06,1,Unto Others
roseland-theater,Castle Rat: Summon The Beasts Tour 2026,2026-10-06,2,Wraith Knight
mississippi-studios,Devon Gilfillian - Time Will Tell Tour,2026-10-07,1,Snacktime
polaris-hall,MARO: SO MUCH HAS CHANGED,2026-10-07,1,Pedro Altério
polaris-hall,MARO: SO MUCH HAS CHANGED,2026-10-07,2,Carbeau
polaris-hall,MARO: SO MUCH HAS CHANGED,2026-10-07,3,Manuel Rocha
revolution-hall,The Milk Carton Kids Fall Tour,2026-10-07,1,Paper Wings
roseland-theater,DEAD KENNEDYS,2026-10-07,1,FLIPPER
aladdin-theater,Paula Cole THIS FIRE: 30,2026-10-08,1,Rett Madison
mississippi-studios,Wolves of Glendale,2026-10-08,1,Cor64
revolution-hall,The Menzingers: Everything I Ever Saw North American Tour,2026-10-08,1,Hot Water Music
revolution-hall,The Menzingers: Everything I Ever Saw North American Tour,2026-10-08,2,Weakened Friends
aladdin-theater,Hiss Golden Messenger - I'm People Tour,2026-10-09,1,Sam Amidon
mississippi-studios,Anna Graves,2026-10-09,1,Trinity Jane
revolution-hall,Boy Harsher,2026-10-09,1,True Blue
revolution-hall,Boy Harsher,2026-10-09,2,Kassie Krut
revolution-hall,The Cabin Project (Album Release),2026-10-09,1,Gillian Frances
revolution-hall,The Cabin Project (CD Release),2026-10-09,1,Gillian Frances
wonder-ballroom,Kishi Bashi: Sonderlust 10th Anniversary Tour,2026-10-09,1,Geographer
hawthorne-theatre,"The Army, The Navy",2026-10-10,1,Ella Woolsey
polaris-hall,LOVE SPELLS - LOVE IS THE LAW WORLD TOUR,2026-10-10,1,Orcas
aladdin-theater,Toad the Wet Sprocket - Rings: The Acoustic Tour,2026-10-11,1,Willy Porter
hawthorne-theatre,Militarie Gun,2026-10-11,1,Softcult
hawthorne-theatre,Militarie Gun,2026-10-11,2,Shady Nasty
hawthorne-theatre,Militarie Gun,2026-10-11,3,Dazy
mississippi-studios,Automatic,2026-10-11,1,Donzii
polaris-hall,Edgehill - The Moving Out Tour,2026-10-11,1,Appleseed
revolution-hall,Hot Flash Heat Wave,2026-10-11,1,Carpool Tunnel
revolution-hall,Hot Flash Heat Wave,2026-10-11,2,Bug Seance
show-bar,Hot Flash Heat Wave,2026-10-11,1,Carpool Tunnel
wonder-ballroom,MICO: Running From A Feeling Tour,2026-10-11,1,Will Linley
mississippi-studios,Damien Jurado,2026-10-12,1,St. Yuma
polaris-hall,Swapmeet,2026-10-12,1,Joyer
revolution-hall,Iron & Wine,2026-10-12,1,Ken Pomeroy
hawthorne-theatre,To The Grave + Crown Magnetar – The Sawed Off Suffering Tour,2026-10-13,1,Face Yourself
hawthorne-theatre,To The Grave + Crown Magnetar – The Sawed Off Suffering Tour,2026-10-13,2,I Declare War
mississippi-studios,Local Love Letter #29: Half Shadow,2026-10-13,1,Tispur
mississippi-studios,Local Love Letter #29: Half Shadow,2026-10-13,2,Swinging
polaris-hall,BLÜ EYES: Two People at Once Tour,2026-10-13,1,NI/CO
revolution-hall,She Wants Revenge,2026-10-13,1,Rosegarden Funeral Party
mississippi-studios,The Jungle Giants,2026-10-14,1,Morning Silk
wonder-ballroom,GLAIVE – GOD SAVE THE THREE TOUR,2026-10-14,1,Tiffany Day and Kurtains
hawthorne-theatre,Cheekface,2026-10-15,1,Waitress
polaris-hall,Rin - Dearest Diary Tour,2026-10-15,1,Sabrina Sterling
revolution-hall,Ashley Cooke: The Baby Blues Tour,2026-10-15,1,Aniston Pate
aladdin-theater,Hovvdy,2026-10-16,1,Emma Ogier
hawthorne-theatre,Finn Wolfhard,2026-10-16,1,Malcy
hawthorne-theatre,Finn Wolfhard,2026-10-17,1,Malcy
mississippi-studios,The Holdup - The BUYING TIME Tour,2026-10-17,1,Lot 49
mississippi-studios,The Holdup - The BUYING TIME Tour,2026-10-17,2,Dylan Reese
polaris-hall,Post Sex Nachos,2026-10-17,1,Hannah Geller
roseland-theater,Mom Jeans,2026-10-17,1,Harrison Gordon
roseland-theater,Mom Jeans,2026-10-17,2,Sobs
wonder-ballroom,SiM – HOOMAN WORLD TOUR,2026-10-18,1,Zero 9:36
aladdin-theater,This is Lorelei,2026-10-19,1,Colin Miller
mississippi-studios,Izaak Opatz,2026-10-19,1,Lucas Benoit
mississippi-studios,Izaak Opatz,2026-10-19,2,WEEZY FORD
polaris-hall,Flower Face,2026-10-19,1,Stella Prince
mississippi-studios,Dummy,2026-10-20,1,Golomb
mississippi-studios,Dummy,2026-10-20,2,Herr God
roseland-theater,Julia Wolf – Deep End World Tour,2026-10-20,1,Bee Blackwell
hawthorne-theatre,Bear Ghost,2026-10-21,1,Sarah and the Safe Word
hawthorne-theatre,Bear Ghost,2026-10-21,2,Spaceman Bob
polaris-hall,REZN - Cycles in the Infinite Dream Tour,2026-10-21,1,lowhaven
polaris-hall,REZN - Cycles in the Infinite Dream Tour,2026-10-21,2,Folian
revolution-hall,Digable Planets - Blowout Comb 30th Anniversary Tour,2026-10-21,1,VNPRT
wonder-ballroom,SLIFT,2026-10-21,1,Rhododendron
hawthorne-theatre,Demon Hunter – Storm the Gates of Hell 20th Anniversary Tour,2026-10-22,1,Wolves At The Gate
hawthorne-theatre,Demon Hunter – Storm the Gates of Hell 20th Anniversary Tour,2026-10-22,2,Bloodlines
mississippi-studios,The Fourth Wall,2026-10-22,1,girlgoyle
mississippi-studios,The Fourth Wall,2026-10-22,2,Kitchen Congregation
revolution-hall,Dinosaur Jr. - Fall Tour 2026,2026-10-22,1,Stef Chura
revolution-hall,How Strange It Is (Album Release),2026-10-22,1,Femme Cell
revolution-hall,How Strange It Is (Album Release),2026-10-22,2,Icecaps
mississippi-studios,Tom Hamilton Band,2026-10-23,1,Street Nights
polaris-hall,Bedouine,2026-10-23,1,Other Delights
revolution-hall,Resavoir,2026-10-23,1,Gregory Uhlmann
revolution-hall,Slow Pulp,2026-10-23,1,Snuggle
roseland-theater,Paul Cauthen,2026-10-23,1,Leon Majcen
polaris-hall,Laura Veirs,2026-10-24,1,Karl Blau
revolution-hall,Pigeons Playing Ping Pong - Fall Tour 2026,2026-10-24,1,Sqwerv
wonder-ballroom,Knox,2026-10-24,1,Emi Grace
aladdin-theater,Frankie Cosmos - Celebrating 10 Years of Next Thing,2026-10-25,1,Coral Grief
hawthorne-theatre,Grace Enger – The Satisfied Girl Tour,2026-10-25,1,Aubory Bugg
polaris-hall,Freak Slug,2026-10-25,1,Mamalarky
revolution-hall,The Dillinger Escape Plan - Final Calculating Infinity Shows,2026-10-25,1,XCOMM
revolution-hall,The Dillinger Escape Plan - Final Calculating Infinity Shows,2026-10-25,2,Squid Pisser
roseland-theater,Pouya – The Forever Glades Tour,2026-10-25,1,Ramirez
roseland-theater,Pouya – The Forever Glades Tour,2026-10-25,2,Fat Nick
roseland-theater,Pouya – The Forever Glades Tour,2026-10-25,3,Black Smurf
roseland-theater,Pouya – The Forever Glades Tour,2026-10-25,4,comehelpglo
crystal-ballroom,Julia Jacklin - North America Tour 2026,2026-10-26,1,Jordan Patterson
hawthorne-theatre,KOTA The Friend,2026-10-26,1,Landon Wordswell
revolution-hall,Faux Real,2026-10-26,1,Kyra Machida
revolution-hall,Faux Real,2026-10-26,2,Bryce Xavier
revolution-hall,George Clanton,2026-10-26,1,ideasforconversations
mississippi-studios,The Tubs,2026-10-27,1,Touch Girl Apple Blossom
polaris-hall,Weatherday: Hornet Disaster Tour 2026,2026-10-27,1,Yudai
polaris-hall,Weatherday: Hornet Disaster Tour 2026,2026-10-27,2,Jean Wilder
revolution-hall,Francis of Delirium,2026-10-27,1,Lucky Star
roseland-theater,Catch Your Breath – Not Broken Enough Tour,2026-10-27,1,TX2
roseland-theater,Catch Your Breath – Not Broken Enough Tour,2026-10-27,2,Arankai
roseland-theater,Catch Your Breath – Not Broken Enough Tour,2026-10-27,3,Colorblind
hawthorne-theatre,Ho99o9 & N8NOFACE – Sincerely___ The Void,2026-10-28,1,Slay Squad
mississippi-studios,Wednesday Night Special: Kyle Kinane,2026-10-28,1,Zak Toscani
mississippi-studios,Wednesday Night Special: Kyle Kinane,2026-10-28,2,Zac Toscani
revolution-hall,Team Dresch (Record Release Show),2026-10-28,1,heavens to betsy
revolution-hall,Team Dresch (Record Release Show),2026-10-28,2,Altar Girl
roseland-theater,Basement,2026-10-28,1,High Vis
roseland-theater,Basement,2026-10-28,2,Big Boy
roseland-theater,Basement,2026-10-28,3,First Day Back
aladdin-theater,Protomartyr,2026-10-29,1,Accessory
revolution-hall,Death From Above 1979 - Private Lives Tour,2026-10-29,1,Wine Lips
roseland-theater,Medium Build Presents The King of Having Fun on Tour,2026-10-29,1,Merle Law
aladdin-theater,Ax and the Hatchetmen: The Late Checkout Tour 2026,2026-10-30,1,The Rare Occasions
hawthorne-theatre,PAIN OF TRUTH,2026-10-30,1,Missing Link
hawthorne-theatre,PAIN OF TRUTH,2026-10-30,2,Fatal Realm
hawthorne-theatre,PAIN OF TRUTH,2026-10-30,3,Locked Shut
mississippi-studios,Gilla Band,2026-10-30,1,PISS
polaris-hall,The Wldlfe,2026-10-30,1,Landon Conrath
revolution-hall,DICE,2026-10-30,1,The Back Alley
revolution-hall,Glitterfox - The New Frontier,2026-10-30,1,Kendal Lujan
revolution-hall,Glitterfox - The New Frontier,2026-10-30,2,Presidio
revolution-hall,Glitterfox - The Resurrection,2026-10-30,1,Kendal Lujan
revolution-hall,Glitterfox - The Resurrection,2026-10-30,2,Presidio
show-bar,DICE,2026-10-30,1,The Back Alley
aladdin-theater,The Brothers Comatose,2026-10-31,1,Water Tower
mississippi-studios,Katie Pruitt - Fools For The Fleeting Tour,2026-10-31,1,Olivia Barton
revolution-hall,Plini - An Unnameable Desire North American Tour,2026-11-01,1,Night Verses
revolution-hall,Plini - An Unnameable Desire North American Tour,2026-11-01,2,Portraits
roseland-theater,Rival Sons – Domestic Bliss Tour,2026-11-01,1,The Blue Stones
roseland-theater,Rival Sons – Domestic Bliss Tour,2026-11-01,2,The Velveteers
aladdin-theater,King Buffalo,2026-11-02,1,L.A. Witch
revolution-hall,Slothrust: The Dystopian Theatre Tour,2026-11-02,1,Um
revolution-hall,Slothrust: The Dystopian Theatre Tour,2026-11-02,2,Jennifer?
aladdin-theater,Greg Freeman,2026-11-03,1,Trinity Ace
polaris-hall,Worst Party Ever / Equipment,2026-11-03,1,Ogbert the Nerd
polaris-hall,Worst Party Ever / Equipment,2026-11-03,2,Swiss Army Wife
revolution-hall,"AN EVENING WITH JOHN SCOFIELD'S ""ELECTROSPECTIVE""",2026-11-03,1,OTEIL BURBRIDGE
revolution-hall,"AN EVENING WITH JOHN SCOFIELD'S ""ELECTROSPECTIVE""",2026-11-03,2,LARRY GOLDINGS & ADAM DEITCH
hawthorne-theatre,Icon For Hire: Scripted 15 Year Anniversary Tour,2026-11-04,1,Elijah
hawthorne-theatre,Icon For Hire: Scripted 15 Year Anniversary Tour,2026-11-04,2,Lauren Babic
mississippi-studios,Improvement Movement - Your Perfect Real LIVE '26,2026-11-04,1,Adron
polaris-hall,IAN SWEET,2026-11-04,1,Luella
revolution-hall,Bahamas - Industrial Sport & Sound,2026-11-04,1,Sister Ray
aladdin-theater,Jake Xerxes Fussell,2026-11-05,1,Dougie Poole
hawthorne-theatre,Token – I'm Leaving Soon Tour,2026-11-05,1,Clark D
mississippi-studios,LUCY (Cooper B. Handy),2026-11-05,1,Nation
polaris-hall,Jeffrey Martin,2026-11-05,1,Sam Weber
roseland-theater,Periphery – A Pale White Dot US Tour,2026-11-05,1,Ne Obliviscaris
roseland-theater,Periphery – A Pale White Dot US Tour,2026-11-05,2,Greyhaven
roseland-theater,Periphery – A Pale White Dot US Tour,2026-11-05,3,Ando San
wonder-ballroom,Celebrating 50 Years of Buzzcocks,2026-11-05,1,Grade 2 and Whisper Hiss
hawthorne-theatre,Lilyisthatyou,2026-11-06,1,James the Seventh
mississippi-studios,mary in the junkyard,2026-11-06,1,Lefty Parker
mississippi-studios,Roger Clyne & The Peacemakers - Hell To Breakfast Tour (Night 1),2026-11-07,1,Buffalo Jones
revolution-hall,Quadeca,2026-11-07,1,DERBY
revolution-hall,Quadeca,2026-11-07,2,Olēka
mississippi-studios,Roger Clyne & The Peacemakers - Hell To Breakfast Tour (Night 2),2026-11-08,1,Buffalo Jones
revolution-hall,Sparta,2026-11-08,1,Public Opinion
revolution-hall,The Tallest Man on Earth,2026-11-08,1,Andrea von Kampen
aladdin-theater,Foy Vance World Tour | 2026 & 2027,2026-11-10,1,Bonnie Bishop & Ryan McMullan
crystal-ballroom,The Black Angels: Passover 2026 Tour,2026-11-10,1,GHOSTWOMAN
aladdin-theater,Squirrel Flower,2026-11-11,1,Sour Widows
revolution-hall,Tank and the Bangas,2026-11-11,1,Ariel J.
revolution-hall,Tank and the Bangas,2026-11-11,2,Zeus (DJ)
mississippi-studios,"Goodnight, Texas",2026-11-12,1,Small Paul
polaris-hall,Alex Cameron,2026-11-12,1,Josh da Costa
revolution-hall,DRIVE-BY TRUCKERS - HeAthens Homecoming West 2026 (Night 1),2026-11-12,1,The Minus 5
aladdin-theater,Johnny Franco & His Real Brother Dom,2026-11-13,1,Album Release with Special Guests
crystal-ballroom,Houndmouth,2026-11-13,1,Dogpark
hawthorne-theatre,STATIC DRESS,2026-11-13,1,I Promised The World
hawthorne-theatre,STATIC DRESS,2026-11-13,2,Car Underwater
hawthorne-theatre,STATIC DRESS,2026-11-13,3,Sherane
polaris-hall,Robert Ellis,2026-11-13,1,Wheelwright
revolution-hall,DRIVE-BY TRUCKERS - HeAthens Homecoming West 2026 (Night 2),2026-11-13,1,Møtrik
aladdin-theater,Son Volt,2026-11-14,1,Kelly Willis
crystal-ballroom,Russian Circles,2026-11-14,1,Primitive Man
mississippi-studios,Margaret Glaspy - The I Am Both Tour,2026-11-14,1,Anna Tivel
revolution-hall,DRIVE-BY TRUCKERS - HeAthens Homecoming West 2026 (Night 3),2026-11-14,1,The Delines
aladdin-theater,Joanne Shaw Taylor,2026-11-15,1,Robert John and the Wreck
hawthorne-theatre,Kingdom of Giants,2026-11-15,1,Deadlands
hawthorne-theatre,Kingdom of Giants,2026-11-15,2,Holy Wars
hawthorne-theatre,Kingdom of Giants,2026-11-15,3,Night Rider
mississippi-studios,Hit the Lights,2026-11-15,1,Forever Came Calling
mississippi-studios,Hit the Lights,2026-11-15,2,Fox Royale
polaris-hall,Stephen Day - The Self Titled Tour,2026-11-15,1,Elysia Biro
revolution-hall,Holy Wave,2026-11-15,1,Queen Serene
show-bar,Holy Wave,2026-11-15,1,Queen Serene
hawthorne-theatre,Christian Death,2026-11-17,1,Black Season Witch
mississippi-studios,Bayonne - The 'Filters' Tour,2026-11-17,1,Bobbing
revolution-hall,Jervis Campbell,2026-11-17,1,Allie Paige
roseland-theater,State Champs,2026-11-17,1,Cartel
roseland-theater,State Champs,2026-11-17,2,Taylor Acorn
aladdin-theater,Agriculture,2026-11-18,1,Uniform
aladdin-theater,Agriculture,2026-11-18,2,Pure Hex
hawthorne-theatre,MADDIE ZAHM – Everything All The Time Tour,2026-11-18,1,Oston
polaris-hall,WHITMER THOMAS,2026-11-18,1,+with comedy from CLAY TATUM
revolution-hall,Babehoven,2026-11-18,1,Pileup
wonder-ballroom,Eivør,2026-11-18,1,Midori Jaeger
mississippi-studios,The Cactus Blossoms,2026-11-19,1,Devin Champlin
revolution-hall,Gary Numan North American Fall Tour 2026,2026-11-20,1,TREMOURS
hawthorne-theatre,Fear Factory – Cybernetic Domination Tour 2026,2026-11-21,1,Darkest Hour
hawthorne-theatre,Fear Factory – Cybernetic Domination Tour 2026,2026-11-21,2,Brotality
hawthorne-theatre,Fear Factory – Cybernetic Domination Tour 2026,2026-11-21,3,Ligature Marks
roseland-theater,Honey Revenge x Dead Poet Society,2026-11-21,1,HUNNY
roseland-theater,Honey Revenge x Dead Poet Society,2026-11-21,2,Broadside
polaris-hall,Babe Haven,2026-11-23,1,Spaced
polaris-hall,Babe Haven,2026-11-23,2,Scarlet Demore
hawthorne-theatre,Boston Manor,2026-11-24,1,Ben Quad & Super Sometimes
polaris-hall,Portland School III,2026-11-24,1,The Pyxis Quartet
roseland-theater,Alter Bridge – What Lies Within Tour,2026-11-24,1,Big Wreck
roseland-theater,Alter Bridge – What Lies Within Tour,2026-11-24,2,Tim Montana
aladdin-theater,Emma Ruth Rundle - THESE KILLING TIMES,2026-11-25,1,Cinder Well
polaris-hall,Emma Ruth Rundle - THESE KILLING TIMES,2026-11-25,1,Cinder Well
polaris-hall,MOVED TO ALADDIN THEATER: Emma Ruth Rundle - THESE KILLING TIMES,2026-11-25,1,Cinder Well
roseland-theater,Saosin: 20 Years of Self-Titled,2026-11-25,1,Silent Planet
roseland-theater,Saosin: 20 Years of Self-Titled,2026-11-25,2,Like Moths To Flames
roseland-theater,Saosin: 20 Years of Self-Titled,2026-11-25,3,Save Us
hawthorne-theatre,"Bodysnatcher: Hell Is Here, Hell Is Home Tour",2026-11-27,1,Gideon
hawthorne-theatre,"Bodysnatcher: Hell Is Here, Hell Is Home Tour",2026-11-27,2,Psycho-Frame
hawthorne-theatre,"Bodysnatcher: Hell Is Here, Hell Is Home Tour",2026-11-27,3,Volatile Ways
polaris-hall,Sap,2026-11-28,1,Sludge Mother
polaris-hall,Sap,2026-11-28,2,The Jewelry
roseland-theater,The Amity Affliction: HOUSE OF CARDS 2026,2026-11-28,1,Blessthefall
roseland-theater,The Amity Affliction: HOUSE OF CARDS 2026,2026-11-28,2,Orthodox
roseland-theater,The Amity Affliction: HOUSE OF CARDS 2026,2026-11-28,3,Buried In Spring
polaris-hall,THE KILANS - COULD YOU KEEP IT DARK? TOUR,2026-11-30,1,Jade Street
polaris-hall,Thoughts on Bowling,2026-12-02,1,Softly
polaris-hall,Thoughts on Bowling,2026-12-02,2,HummusVacuum
polaris-hall,Thoughts on Bowling,2026-12-02,3,MooseCreek Park
mississippi-studios,Buck Meek,2026-12-04,1,Kisser
polaris-hall,Jessica Lea Mayfield,2026-12-05,1,Horsepower
mississippi-studios,Wishy - Nature's Pill Tour,2026-12-06,1,The Umbrellas
roseland-theater,FROST CHILDREN,2026-12-06,1,Kuru
hawthorne-theatre,Miss May I x Born Of Osiris,2026-12-08,1,Convictions
hawthorne-theatre,Miss May I x Born Of Osiris,2026-12-08,2,Downswing
hawthorne-theatre,Suicide Silence: REMINDERS OF HELL TOUR,2026-12-09,1,Emmure
hawthorne-theatre,Suicide Silence: REMINDERS OF HELL TOUR,2026-12-09,2,Angelmaker
hawthorne-theatre,Suicide Silence: REMINDERS OF HELL TOUR,2026-12-09,3,Synestia
polaris-hall,Bryan Andrews,2026-12-09,1,Lou Ridley
crystal-ballroom,Angine de Poitrine,2026-12-10,1,zouz
aladdin-theater,Pokey LaFarge,2026-12-11,1,Cicada Rhythm
crystal-ballroom,Angine de Poitrine,2026-12-11,1,zouz
mississippi-studios,Willi Carlisle - The Universal Bubba Tour,2026-12-11,1,Amelia Day
hawthorne-theatre,Eyes Set To Kill,2026-12-12,1,Sicksense
hawthorne-theatre,Eyes Set To Kill,2026-12-12,2,Twist It
mississippi-studios,Swervedriver raise at 35,2026-12-15,1,Love Battery
aladdin-theater,Jenny Don't and the Spurs Cowboy Prom NYE 2026,2026-12-31,1,Toody Cole and Her Band
